abandon	v.	放弃	abandon the plan
ability	n.	能力	ability to learn
able	adj.	能够的	be able to do
abroad	adv.	在国外	study abroad
absence	n.	缺席	in the absence of
absent	adj.	缺席的	be absent from
absolute	adj.	绝对的	absolute truth
absorb	v.	吸收	absorb knowledge
abstract	adj.	抽象的	abstract idea
abundant	adj.	丰富的	abundant resources
abuse	v./n.	滥用	abuse of power
academic	adj.	学术的	academic research
accept	v.	接受	accept the offer
access	n./v.	接近/通道	have access to
accident	n.	事故	by accident
accompany	v.	陪伴	accompany sb.
accomplish	v.	完成	accomplish a goal
account	n.	账户/说明	take into account
accurate	adj.	准确的	accurate data
accuse	v.	指控	accuse sb. of
achieve	v.	实现	achieve success
achievement	n.	成就	great achievement
acknowledge	v.	承认	acknowledge the truth
acquire	v.	获得	acquire skills
act	v./n.	行动/法案	act quickly
action	n.	行动	take action
active	adj.	积极的	active member
activity	n.	活动	outdoor activity
actual	adj.	实际的	actual situation
adapt	v.	适应	adapt to change
add	v.	增加	add up
addition	n.	增加	in addition
additional	adj.	额外的	additional cost
address	n./v.	地址/演讲	home address
adequate	adj.	足够的	adequate supply
adjust	v.	调整	adjust to
administration	n.	管理	public administration
admire	v.	钦佩	admire courage
admit	v.	承认/录取	admit defeat
adopt	v.	采纳/收养	adopt a method
adult	n.	成年人	adult education
advance	v./n.	前进/进步	in advance
advanced	adj.	先进的	advanced technology
advantage	n.	优势	take advantage of
adventure	n.	冒险	adventure story
advertise	v.	做广告	advertise products
advice	n.	建议	a piece of advice
advise	v.	建议	advise sb. to do
affair	n.	事务	public affair
affect	v.	影响	affect the result
afford	v.	负担得起	cannot afford
afraid	adj.	害怕的	be afraid of
after	prep.	在…之后	after class
afternoon	n.	下午	good afternoon
again	adv.	再次	again and again
against	prep.	反对/靠着	against the law
age	n.	年龄	at the age of
agency	n.	机构	travel agency
agent	n.	代理人	insurance agent
ago	adv.	以前	years ago
agree	v.	同意	agree with
agreement	n.	协议	reach agreement
agriculture	n.	农业	modern agriculture
ahead	adv.	在前	ahead of time
aid	n./v.	帮助	first aid
aim	n./v.	目标/瞄准	aim at
air	n.	空气	fresh air
aircraft	n.	飞机	military aircraft
airline	n.	航空公司	international airline
airport	n.	机场	at the airport
alarm	n.	警报	fire alarm
alcohol	n.	酒精	alcohol abuse
alert	adj.	警觉的	stay alert
alike	adj.	相似的	look alike
alive	adj.	活着的	stay alive
all	pron.	全部	all of us
allow	v.	允许	allow sb. to do
almost	adv.	几乎	almost done
alone	adj.	独自的	leave alone
along	prep.	沿着	along the road
already	adv.	已经	already finished
also	adv.	也	also important
alter	v.	改变	alter the plan
alternative	n.	选择	alternative method
although	conj.	虽然	although tired
altogether	adv.	总共	altogether 30
always	adv.	总是	always ready
amaze	v.	使惊讶	amaze the audience
ambition	n.	雄心	career ambition
among	prep.	在…之中	among students
amount	n.	数量	a large amount
analysis	n.	分析	data analysis
analyze	v.	分析	analyze data
ancient	adj.	古代的	ancient history
anger	n.	愤怒	in anger
angle	n.	角度	from another angle
animal	n.	动物	wild animal
announce	v.	宣布	announce news
annual	adj.	每年的	annual report
another	pron.	另一个	another chance
answer	n./v.	回答	answer the question
anxiety	n.	焦虑	social anxiety
anxious	adj.	焦虑的	be anxious about
any	adj./pron.	任何	any time
anybody	pron.	任何人	anybody else
anyone	pron.	任何人	anyone can
anything	pron.	任何事	anything else
anyway	adv.	无论如何	anyway let's go
anywhere	adv.	任何地方	go anywhere
apart	adv.	分开	apart from
apartment	n.	公寓	rent an apartment
apologize	v.	道歉	apologize to sb.
apparent	adj.	明显的	it is apparent
appeal	n./v.	吸引力	appeal to
appear	v.	出现	appear to be
appearance	n.	外表	outward appearance
application	n.	申请	job application
apply	v.	申请/应用	apply for
appoint	v.	任命	appoint a leader
appointment	n.	约会	make an appointment
appreciate	v.	感激/欣赏	appreciate help
approach	n./v.	方法/接近	new approach
appropriate	adj.	适当的	appropriate behavior
approval	n.	批准	gain approval
approve	v.	批准	approve the plan
approximate	adj.	大约的	approximate number
architect	n.	建筑师	famous architect
architecture	n.	建筑	modern architecture
area	n.	区域	rural area
argue	v.	争论	argue with
argument	n.	论点	strong argument
arise	v.	出现	problems arise
arm	n.	手臂/武器	arm in arm
army	n.	军队	join the army
around	prep.	围绕	around the world
arrange	v.	安排	arrange a meeting
arrangement	n.	安排	make arrangements
arrest	v./n.	逮捕	under arrest
arrival	n.	到达	on arrival
arrive	v.	到达	arrive at
art	n.	艺术	work of art
article	n.	文章	newspaper article
artist	n.	艺术家	famous artist
ashamed	adj.	羞愧的	be ashamed of
aside	adv.	在旁边	step aside
ask	v.	问	ask for help
asleep	adj.	睡着的	fall asleep
aspect	n.	方面	key aspect
assess	v.	评估	assess risk
assessment	n.	评估	risk assessment
assign	v.	分配	assign a task
assignment	n.	作业	homework assignment
assist	v.	帮助	assist sb.
assistance	n.	帮助	financial assistance
assistant	n.	助手	personal assistant
associate	v.	联系	associate with
association	n.	协会	alumni association
assume	v.	假设	assume that
assumption	n.	假设	basic assumption
assure	v.	保证	assure sb. that
athlete	n.	运动员	professional athlete
atmosphere	n.	氛围/大气	pleasant atmosphere
attach	v.	附加	attach importance to
attack	n./v.	攻击	under attack
attempt	n./v.	尝试	make an attempt
attend	v.	参加	attend a meeting
attention	n.	注意	pay attention to
attitude	n.	态度	positive attitude
attract	v.	吸引	attract attention
attraction	n.	吸引力	tourist attraction
attractive	adj.	有吸引力的	attractive offer
audience	n.	观众	large audience
author	n.	作者	famous author
authority	n.	权威	local authority
automatic	adj.	自动的	automatic system
available	adj.	可获得的	be available
average	n./adj.	平均	on average
avoid	v.	避免	avoid mistakes
award	n./v.	奖	win an award
aware	adj.	意识到的	be aware of
away	adv.	离开	far away
awful	adj.	糟糕的	awful weather
baby	n.	婴儿	baby boy
back	n./adv.	背部/回	come back
background	n.	背景	cultural background
backward	adj.	向后的	backward step
bacteria	n.	细菌	harmful bacteria
bad	adj.	坏的	bad habit
badly	adv.	严重地	badly hurt
bag	n.	袋子	shopping bag
balance	n./v.	平衡	keep balance
ball	n.	球	play ball
ban	v./n.	禁止	ban smoking
band	n.	乐队/带子	rock band
bank	n.	银行	open a bank account
bar	n.	酒吧/条	progress bar
bare	adj.	赤裸的	bare feet
bargain	n./v.	便宜货/讨价还价	good bargain
barrier	n.	障碍	language barrier
base	n./v.	基础/基于	base on
basic	adj.	基本的	basic skills
basis	n.	基础	on the basis of
battle	n./v.	战斗	battle against
be	v.	是	be happy
bear	v./n.	忍受/熊	bear the pain
beat	v./n.	打败/节拍	beat the record
beautiful	adj.	美丽的	beautiful view
beauty	n.	美丽	natural beauty
because	conj.	因为	because of
become	v.	成为	become a teacher
bed	n.	床	go to bed
bedroom	n.	卧室	clean the bedroom
before	prep.	在…之前	before class
begin	v.	开始	begin to learn
behalf	n.	代表	on behalf of
behave	v.	表现	behave well
behavior	n.	行为	good behavior
behind	prep.	在…后面	behind the door
being	n.	存在	human being
belief	n.	信念	strong belief
believe	v.	相信	believe in
bell	n.	铃	ring the bell
belong	v.	属于	belong to
below	prep.	在…下面	below zero
belt	n.	腰带	seat belt
bench	n.	长凳	park bench
bend	v./n.	弯曲	bend down
benefit	n./v.	利益/受益	benefit from
beside	prep.	在…旁边	beside the river
besides	prep./adv.	除…之外还	besides English
best	adj./adv.	最好的	do one's best
bet	v./n.	打赌	bet on
better	adj./adv.	更好的	get better
between	prep.	在…之间	between us
beyond	prep.	超出	beyond control
bicycle	n.	自行车	ride a bicycle
bid	n./v.	投标/出价	bid for
big	adj.	大的	big city
bill	n.	账单/法案	pay the bill
billion	n.	十亿	two billion
bind	v.	绑/约束	bind together
biology	n.	生物学	study biology
bird	n.	鸟	wild bird
birth	n.	出生	date of birth
birthday	n.	生日	happy birthday
bit	n.	一点	a bit tired
bite	v./n.	咬	bite the apple
bitter	adj.	苦的/痛苦的	bitter experience
black	adj.	黑色的	black coffee
blame	v./n.	责备	blame sb. for
blank	adj.	空白的	blank page
blind	adj.	盲的	go blind
block	n./v.	块/阻塞	block the road
blood	n.	血	blood type
blow	v./n.	吹/打击	blow the wind
blue	adj.	蓝色的	blue sky
board	n.	板/董事会	on board
boat	n.	船	by boat
body	n.	身体	human body
boil	v.	沸腾	boil water
bold	adj.	大胆的	bold decision
bomb	n.	炸弹	time bomb
bond	n.	纽带/债券	strong bond
bone	n.	骨头	broken bone
book	n.	书	read a book
boom	n./v.	繁荣/轰鸣	economic boom
boot	n.	靴子	leather boot
border	n.	边界	cross the border
bore	v.	使厌烦	bore sb.
born	v.	出生	be born in
borrow	v.	借入	borrow money
boss	n.	老板	my boss
both	pron.	两者都	both of us
bother	v.	打扰	don't bother
bottle	n.	瓶子	water bottle
bottom	n.	底部	at the bottom
bound	adj.	一定的/be bound to	bound
boundary	n.	边界	national boundary
bow	v./n.	鞠躬	bow to
bowl	n.	碗	a bowl of rice
box	n.	盒子	gift box
boy	n.	男孩	little boy
brain	n.	大脑	use your brain
branch	n.	分支/树枝	bank branch
brand	n.	品牌	famous brand
brave	adj.	勇敢的	brave soldier
bread	n.	面包	a loaf of bread
break	v./n.	打破/休息	break the rule
breakfast	n.	早餐	have breakfast
breath	n.	呼吸	out of breath
breathe	v.	呼吸	breathe deeply
breed	v./n.	繁殖/品种	breed animals
bridge	n.	桥	cross the bridge
brief	adj.	简短的	brief introduction
bright	adj.	明亮的/聪明的	bright future
brilliant	adj.	杰出的	brilliant idea
bring	v.	带来	bring about change
broad	adj.	宽的/广泛的	broad mind
broadcast	v./n.	广播	live broadcast
brother	n.	兄弟	elder brother
brown	adj.	棕色的	brown hair
brush	n./v.	刷子/刷	brush teeth
budget	n.	预算	within budget
build	v.	建造	build a house
building	n.	建筑物	office building
bunch	n.	一束/群	a bunch of
burden	n.	负担	heavy burden
burn	v./n.	燃烧/烧伤	burn down
burst	v./n.	爆发	burst into tears
bus	n.	公交车	by bus
business	n.	商业/生意	do business
busy	adj.	忙碌的	be busy with
but	conj.	但是	small but strong
butter	n.	黄油	bread and butter
button	n.	按钮	press the button
buy	v.	买	buy a book
by	prep.	被/通过	by bus
cable	n.	电缆	cable TV
cafe	n.	咖啡馆	local cafe
cage	n.	笼子	bird cage
cake	n.	蛋糕	birthday cake
calculate	v.	计算	calculate the cost
call	v./n.	叫/电话	call sb.
calm	adj./v.	平静的/使平静	keep calm
camera	n.	相机	digital camera
camp	n./v.	营地/露营	summer camp
campaign	n./v.	运动/战役	election campaign
campus	n.	校园	on campus
can	v./n.	能/罐头	can swim
cancel	v.	取消	cancel the meeting
cancer	n.	癌症	fight cancer
candidate	n.	候选人	job candidate
cap	n.	帽子/盖子	bottle cap
capable	adj.	有能力的	be capable of
capacity	n.	容量/能力	full capacity
capital	n.	首都/资本	capital city
captain	n.	队长/船长	team captain
capture	v./n.	捕获	capture attention
car	n.	汽车	by car
card	n.	卡片	credit card
care	n./v.	关心/照顾	take care of
career	n.	职业	career plan
careful	adj.	小心的	be careful
careless	adj.	粗心的	careless mistake
carry	v.	携带	carry out
case	n.	情况/箱子	in case of
cash	n.	现金	pay in cash
cast	v./n.	投掷/演员	cast doubt
cat	n.	猫	pet cat
catch	v.	抓住/赶上	catch a cold
category	n.	类别	product category
cause	n./v.	原因/引起	cause trouble
caution	n.	谨慎	with caution
cautious	adj.	谨慎的	be cautious
cave	n.	洞穴	deep cave
cease	v.	停止	cease fire
celebrate	v.	庆祝	celebrate birthday
celebration	n.	庆祝	birthday celebration
cell	n.	细胞/牢房	prison cell
cent	n.	分	fifty cents
center	n.	中心	city center
central	adj.	中央的	central government
century	n.	世纪	21st century
ceremony	n.	仪式	opening ceremony
certain	adj.	确定的	be certain of
certainly	adv.	当然	certainly not
certificate	n.	证书	graduation certificate
chain	n.	链条/连锁	food chain
chair	n.	椅子	sit on a chair
chairman	n.	主席	board chairman
challenge	n./v.	挑战	face a challenge
chamber	n.	房间/议院	chamber of commerce
chance	n.	机会	by chance
change	v./n.	改变/零钱	change the plan
channel	n.	频道/渠道	TV channel
chapter	n.	章节	chapter one
character	n.	性格/角色	main character
charge	n./v.	费用/指控	in charge of
charity	n.	慈善	give to charity
charm	n./v.	魅力	personal charm
chart	n.	图表	bar chart
chase	v./n.	追逐	chase after
cheap	adj.	便宜的	cheap price
cheat	v./n.	欺骗	cheat in exam
check	v./n.	检查/支票	check the answer
cheek	n.	脸颊	rosy cheek
cheer	v./n.	欢呼	cheer up
cheese	n.	奶酪	a piece of cheese
chemical	adj./n.	化学的/化学品	chemical reaction
chemistry	n.	化学	study chemistry
cheque	n.	支票	write a cheque
chest	n.	胸部/箱子	treasure chest
chicken	n.	鸡/鸡肉	fried chicken
chief	adj./n.	主要的/首领	chief reason
child	n.	孩子	only child
childhood	n.	童年	happy childhood
choice	n.	选择	make a choice
choose	v.	选择	choose the best
church	n.	教堂	go to church
cigarette	n.	香烟	smoke cigarettes
cinema	n.	电影院	go to cinema
circle	n./v.	圆/环绕	full circle
circuit	n.	电路/巡回	circuit board
circumstance	n.	情况	under the circumstances
cite	v.	引用	cite an example
citizen	n.	公民	law-abiding citizen
city	n.	城市	big city
civil	adj.	公民的/民事的	civil rights
claim	v./n.	声称/要求	claim that
class	n.	班级/阶级	in class
classic	adj./n.	经典的	classic novel
classify	v.	分类	classify data
classroom	n.	教室	clean the classroom
clause	n.	从句/条款	relative clause
clean	adj./v.	干净的/打扫	keep clean
clear	adj./v.	清楚的/清除	make clear
clerk	n.	职员	office clerk
clever	adj.	聪明的	clever student
click	v./n.	点击	click the button
client	n.	客户	important client
climate	n.	气候	climate change
climb	v./n.	爬	climb the mountain
clock	n.	时钟	alarm clock
close	v./adj.	关闭/近的	close the door
cloth	n.	布	a piece of cloth
clothes	n.	衣服	new clothes
cloud	n.	云	dark cloud
club	n.	俱乐部	join a club
clue	n.	线索	give a clue
coach	n./v.	教练/辅导	football coach
coal	n.	煤	burn coal
coast	n.	海岸	east coast
coat	n.	外套	wear a coat
code	n.	代码/准则	dress code
coffee	n.	咖啡	a cup of coffee
coin	n.	硬币	gold coin
cold	adj./n.	冷的/感冒	catch a cold
collapse	v./n.	倒塌/崩溃	collapse suddenly
colleague	n.	同事	close colleague
collect	v.	收集	collect data
collection	n.	收集/收藏品	art collection
college	n.	大学/学院	go to college
color	n.	颜色	bright color
column	n.	柱/栏	newspaper column
combine	v.	结合	combine with
come	v.	来	come here
comfort	n./v.	舒适/安慰	live in comfort
comfortable	adj.	舒适的	comfortable seat
command	n./v.	命令/指挥	under command
comment	n./v.	评论	make a comment
commerce	n.	商业	domestic commerce
commercial	adj.	商业的	commercial use
commission	n.	委员会/佣金	sales commission
commit	v.	犯/承诺	commit a crime
commitment	n.	承诺	make a commitment
committee	n.	委员会	organizing committee
common	adj.	常见的	common sense
communicate	v.	交流	communicate with
communication	n.	交流	mass communication
community	n.	社区	local community
company	n.	公司/陪伴	keep company
compare	v.	比较	compare with
comparison	n.	比较	by comparison
compete	v.	竞争	compete with
competition	n.	竞争	fierce competition
competitive	adj.	竞争的	competitive price
complain	v.	抱怨	complain about
complaint	n.	投诉	make a complaint
complete	adj./v.	完整的/完成	complete the task
complex	adj.	复杂的	complex problem
complicate	v.	使复杂	complicate matters
component	n.	组成部分	key component
compose	v.	组成/创作	be composed of
composition	n.	作文/组成	writing composition
compound	n./adj.	化合物/复合的	chemical compound
comprehension	n.	理解	reading comprehension
comprehensive	adj.	全面的	comprehensive plan
comprise	v.	包含	comprise three parts
compromise	n./v.	妥协	reach a compromise
compute	v.	计算	compute the result
computer	n.	计算机	personal computer
conceal	v.	隐藏	conceal the truth
concentrate	v.	集中	concentrate on
concept	n.	概念	basic concept
concern	n./v.	关心/涉及	concern about
concerning	prep.	关于	concerning this matter
concert	n.	音乐会	go to a concert
conclude	v.	结论/结束	conclude that
conclusion	n.	结论	draw a conclusion
concrete	adj./n.	具体的/混凝土	concrete example
condition	n.	条件/状况	in good condition
conduct	v./n.	Conduct/行为	conduct research
conference	n.	会议	hold a conference
confidence	n.	信心	gain confidence
confident	adj.	自信的	be confident of
confirm	v.	确认	confirm the booking
conflict	n./v.	冲突	conflict with
confuse	v.	使困惑	confuse A with B
confusion	n.	困惑	cause confusion
congratulate	v.	祝贺	congratulate sb. on
connect	v.	连接	connect to
connection	n.	连接	internet connection
conscience	n.	良心	guilty conscience
conscious	adj.	意识到的	be conscious of
consciousness	n.	意识	lose consciousness
consensus	n.	共识	reach consensus
consent	n./v.	同意	give consent
consequence	n.	后果	as a consequence
consequently	adv.	因此	consequently failed
conservation	n.	保护	wildlife conservation
conservative	adj.	保守的	conservative view
consider	v.	考虑	consider doing
considerable	adj.	相当大的	considerable amount
considerate	adj.	体贴的	considerate person
consideration	n.	考虑	take into consideration
consist	v.	组成	consist of
consistent	adj.	一致的	be consistent with
constant	adj.	持续的	constant change
constitute	v.	构成	constitute a threat
constitution	n.	宪法	national constitution
construct	v.	建造	construct a bridge
construction	n.	建设	under construction
consult	v.	咨询	consult a doctor
consume	v.	消费/消耗	consume energy
consumer	n.	消费者	consumer rights
consumption	n.	消费	energy consumption
contact	n./v.	联系	keep in contact
contain	v.	包含	contain sugar
container	n.	容器	food container
contemporary	adj.	当代的	contemporary art
content	n./adj.	内容/满足的	table of content
contest	n./v.	比赛/ contest	speech contest
context	n.	上下文	in context
continent	n.	大陆	Asian continent
continue	v.	继续	continue to do
continuous	adj.	连续的	continuous rain
contract	n./v.	合同/收缩	sign a contract
contradict	v.	矛盾	contradict oneself
contrary	adj./n.	相反的	on the contrary
contrast	n./v.	对比	in contrast to
contribute	v.	贡献	contribute to
contribution	n.	贡献	make a contribution
control	n./v.	控制	under control
controversial	adj.	有争议的	controversial issue
convenience	n.	便利	for convenience
convenient	adj.	便利的	convenient time
convention	n.	惯例/大会	social convention
conventional	adj.	传统的	conventional method
conversation	n.	对话	have a conversation
convert	v.	转换	convert to
convey	v.	传达	convey a message
convince	v.	说服	convince sb. of
cook	v./n.	烹饪/厨师	cook dinner
cool	adj./v.	凉爽的/冷却	cool down
cooperate	v.	合作	cooperate with
cooperation	n.	合作	international cooperation
cope	v.	应对	cope with
copy	n./v.	副本/复制	make a copy
core	n./adj.	核心	core value
corn	n.	玉米	sweet corn
corner	n.	角落	around the corner
corporate	adj.	公司的	corporate culture
correct	adj./v.	正确的/纠正	correct answer
correspond	v.	对应/通信	correspond to
correspondence	n.	通信	business correspondence
cost	n./v.	成本/花费	at all costs
costly	adj.	昂贵的	costly mistake
cottage	n.	小屋	country cottage
cotton	n.	棉花	cotton cloth
could	v.	能够/可以	could you help
council	n.	委员会	city council
count	v./n.	数/计数	count on
counter	n./v.	柜台/反驳	ticket counter
country	n.	国家/乡村	foreign country
countryside	n.	乡村	in the countryside
county	n.	县	county government
couple	n.	一对/夫妇	a couple of
courage	n.	勇气	show courage
course	n.	课程/过程	of course
court	n.	法庭/球场	go to court
cousin	n.	表亲	my cousin
cover	v./n.	覆盖/封面	cover the cost
cow	n.	牛	milk cow
crack	n./v.	裂缝/ cracking	crack the code
craft	n.	工艺/手艺	traditional craft
crash	n./v.	碰撞/崩溃	car crash
crazy	adj.	疯狂的	go crazy
create	v.	创造	create jobs
creation	n.	创造	art creation
creative	adj.	创造性的	creative idea
creature	n.	生物	living creature
credit	n.	信用/学分	credit card
crew	n.	全体船员	flight crew
crime	n.	犯罪	commit a crime
criminal	n./adj.	罪犯/犯罪的	criminal act
crisis	n.	危机	economic crisis
criterion	n.	标准	meet the criterion
critic	n.	批评家	film critic
critical	adj.	关键的/批评的	critical moment
criticism	n.	批评	face criticism
criticize	v.	批评	criticize sb. for
crop	n.	作物	rice crop
cross	n./v.	十字/穿过	cross the road
crowd	n.	人群	large crowd
crown	n.	王冠	crown prince
crucial	adj.	关键的	crucial role
crude	adj.	粗糙的/ crude oil	crude oil
cruel	adj.	残忍的	cruel behavior
cry	v./n.	哭/叫喊	cry out
culture	n.	文化	traditional culture
cup	n.	杯子	a cup of tea
cure	v./n.	治愈	find a cure
curious	adj.	好奇的	be curious about
curl	v./n.	卷曲	curl up
currency	n.	货币	foreign currency
current	adj./n.	当前的/电流	current situation
curriculum	n.	课程	school curriculum
curtain	n.	窗帘	draw the curtain
curve	n./v.	曲线/弯曲	learning curve
custom	n.	习俗/海关	local custom
customer	n.	顾客	regular customer
cut	v./n.	切/伤口	cut down
cycle	n./v.	循环/骑车	life cycle
awake	v.	awake（动词）	awake regularly
beg	v.	beg（动词）	beg regularly
bleed	v.	bleed（动词）	bleed regularly
blend	v.	blend（动词）	blend regularly
bless	v.	bless（动词）	bless regularly
bloom	v.	bloom（动词）	bloom regularly
boast	v.	boast（动词）	boast regularly
boost	v.	boost（动词）	boost regularly
bounce	v.	bounce（动词）	bounce regularly
carve	v.	carve（动词）	carve regularly
chat	v.	chat（动词）	chat regularly
clap	v.	clap（动词）	clap regularly
clarify	v.	clarify（动词）	clarify regularly
crush	v.	crush（动词）	crush regularly
damage	v.	damage（动词）	damage regularly
dance	v.	dance（动词）	dance regularly
dare	v.	dare（动词）	dare regularly
deal	v.	deal（动词）	deal regularly
debate	v.	debate（动词）	debate regularly
decide	v.	decide（动词）	decide regularly
declare	v.	declare（动词）	declare regularly
decline	v.	decline（动词）	decline regularly
decorate	v.	decorate（动词）	decorate regularly
decrease	v.	decrease（动词）	decrease regularly
deduce	v.	deduce（动词）	deduce regularly
deem	v.	deem（动词）	deem regularly
deepen	v.	deepen（动词）	deepen regularly
defeat	v.	defeat（动词）	defeat regularly
defend	v.	defend（动词）	defend regularly
define	v.	define（动词）	define regularly
delay	v.	delay（动词）	delay regularly
deliver	v.	deliver（动词）	deliver regularly
demand	v.	demand（动词）	demand regularly
demonstrate	v.	demonstrate（动词）	demonstrate regularly
deny	v.	deny（动词）	deny regularly
depend	v.	depend（动词）	depend regularly
depress	v.	depress（动词）	depress regularly
derive	v.	derive（动词）	derive regularly
describe	v.	describe（动词）	describe regularly
desert	v.	desert（动词）	desert regularly
deserve	v.	deserve（动词）	deserve regularly
design	v.	design（动词）	design regularly
desire	v.	desire（动词）	desire regularly
destroy	v.	destroy（动词）	destroy regularly
detail	v.	detail（动词）	detail regularly
detect	v.	detect（动词）	detect regularly
determine	v.	determine（动词）	determine regularly
develop	v.	develop（动词）	develop regularly
devote	v.	devote（动词）	devote regularly
die	v.	die（动词）	die regularly
differ	v.	differ（动词）	differ regularly
dig	v.	dig（动词）	dig regularly
diminish	v.	diminish（动词）	diminish regularly
direct	v.	direct（动词）	direct regularly
disappear	v.	disappear（动词）	disappear regularly
discipline	v.	discipline（动词）	discipline regularly
discover	v.	discover（动词）	discover regularly
discuss	v.	discuss（动词）	discuss regularly
dislike	v.	dislike（动词）	dislike regularly
dismiss	v.	dismiss（动词）	dismiss regularly
display	v.	display（动词）	display regularly
dispose	v.	dispose（动词）	dispose regularly
dispute	v.	dispute（动词）	dispute regularly
dissolve	v.	dissolve（动词）	dissolve regularly
distinguish	v.	distinguish（动词）	distinguish regularly
distribute	v.	distribute（动词）	distribute regularly
disturb	v.	disturb（动词）	disturb regularly
divide	v.	divide（动词）	divide regularly
do	v.	do（动词）	do regularly
dominate	v.	dominate（动词）	dominate regularly
donate	v.	donate（动词）	donate regularly
doubt	v.	doubt（动词）	doubt regularly
draft	v.	draft（动词）	draft regularly
drag	v.	drag（动词）	drag regularly
drain	v.	drain（动词）	drain regularly
draw	v.	draw（动词）	draw regularly
dream	v.	dream（动词）	dream regularly
dress	v.	dress（动词）	dress regularly
drift	v.	drift（动词）	drift regularly
drink	v.	drink（动词）	drink regularly
drive	v.	drive（动词）	drive regularly
drop	v.	drop（动词）	drop regularly
drown	v.	drown（动词）	drown regularly
dry	v.	dry（动词）	dry regularly
dump	v.	dump（动词）	dump regularly
dwell	v.	dwell（动词）	dwell regularly
earn	v.	earn（动词）	earn regularly
ease	v.	ease（动词）	ease regularly
eat	v.	eat（动词）	eat regularly
edit	v.	edit（动词）	edit regularly
educate	v.	educate（动词）	educate regularly
elect	v.	elect（动词）	elect regularly
eliminate	v.	eliminate（动词）	eliminate regularly
embarrass	v.	embarrass（动词）	embarrass regularly
emerge	v.	emerge（动词）	emerge regularly
emit	v.	emit（动词）	emit regularly
employ	v.	employ（动词）	employ regularly
enable	v.	enable（动词）	enable regularly
encounter	v.	encounter（动词）	encounter regularly
encourage	v.	encourage（动词）	encourage regularly
end	v.	end（动词）	end regularly
endure	v.	endure（动词）	endure regularly
enforce	v.	enforce（动词）	enforce regularly
engage	v.	engage（动词）	engage regularly
enhance	v.	enhance（动词）	enhance regularly
enjoy	v.	enjoy（动词）	enjoy regularly
enlarge	v.	enlarge（动词）	enlarge regularly
enroll	v.	enroll（动词）	enroll regularly
ensure	v.	ensure（动词）	ensure regularly
enter	v.	enter（动词）	enter regularly
entertain	v.	entertain（动词）	entertain regularly
entitle	v.	entitle（动词）	entitle regularly
envy	v.	envy（动词）	envy regularly
equal	v.	equal（动词）	equal regularly
equip	v.	equip（动词）	equip regularly
escape	v.	escape（动词）	escape regularly
establish	v.	establish（动词）	establish regularly
estimate	v.	estimate（动词）	estimate regularly
evaluate	v.	evaluate（动词）	evaluate regularly
evolve	v.	evolve（动词）	evolve regularly
examine	v.	examine（动词）	examine regularly
exceed	v.	exceed（动词）	exceed regularly
exchange	v.	exchange（动词）	exchange regularly
excite	v.	excite（动词）	excite regularly
excuse	v.	excuse（动词）	excuse regularly
execute	v.	execute（动词）	execute regularly
exercise	v.	exercise（动词）	exercise regularly
exhibit	v.	exhibit（动词）	exhibit regularly
exist	v.	exist（动词）	exist regularly
expand	v.	expand（动词）	expand regularly
expect	v.	expect（动词）	expect regularly
expense	v.	expense（动词）	expense regularly
experience	v.	experience（动词）	experience regularly
experiment	v.	experiment（动词）	experiment regularly
explain	v.	explain（动词）	explain regularly
explode	v.	explode（动词）	explode regularly
explore	v.	explore（动词）	explore regularly
export	v.	export（动词）	export regularly
expose	v.	expose（动词）	expose regularly
express	v.	express（动词）	express regularly
extend	v.	extend（动词）	extend regularly
face	v.	face（动词）	face regularly
facilitate	v.	facilitate（动词）	facilitate regularly
fade	v.	fade（动词）	fade regularly
fail	v.	fail（动词）	fail regularly
fall	v.	fall（动词）	fall regularly
familiarize	v.	familiarize（动词）	familiarize regularly
fan	v.	fan（动词）	fan regularly
fancy	v.	fancy（动词）	fancy regularly
fare	v.	fare（动词）	fare regularly
farm	v.	farm（动词）	farm regularly
fasten	v.	fasten（动词）	fasten regularly
favor	v.	favor（动词）	favor regularly
fear	v.	fear（动词）	fear regularly
feed	v.	feed（动词）	feed regularly
feel	v.	feel（动词）	feel regularly
fetch	v.	fetch（动词）	fetch regularly
fight	v.	fight（动词）	fight regularly
figure	v.	figure（动词）	figure regularly
file	v.	file（动词）	file regularly
fill	v.	fill（动词）	fill regularly
film	v.	film（动词）	film regularly
filter	v.	filter（动词）	filter regularly
finance	v.	finance（动词）	finance regularly
find	v.	find（动词）	find regularly
fine	v.	fine（动词）	fine regularly
finish	v.	finish（动词）	finish regularly
fire	v.	fire（动词）	fire regularly
fit	v.	fit（动词）	fit regularly
fix	v.	fix（动词）	fix regularly
flash	v.	flash（动词）	flash regularly
flatten	v.	flatten（动词）	flatten regularly
flee	v.	flee（动词）	flee regularly
float	v.	float（动词）	float regularly
flood	v.	flood（动词）	flood regularly
flow	v.	flow（动词）	flow regularly
fly	v.	fly（动词）	fly regularly
focus	v.	focus（动词）	focus regularly
fold	v.	fold（动词）	fold regularly
follow	v.	follow（动词）	follow regularly
force	v.	force（动词）	force regularly
forecast	v.	forecast（动词）	forecast regularly
forget	v.	forget（动词）	forget regularly
forgive	v.	forgive（动词）	forgive regularly
form	v.	form（动词）	form regularly
format	v.	format（动词）	format regularly
formulate	v.	formulate（动词）	formulate regularly
found	v.	found（动词）	found regularly
frame	v.	frame（动词）	frame regularly
free	v.	free（动词）	free regularly
freeze	v.	freeze（动词）	freeze regularly
frighten	v.	frighten（动词）	frighten regularly
fulfill	v.	fulfill（动词）	fulfill regularly
function	v.	function（动词）	function regularly
fund	v.	fund（动词）	fund regularly
furnish	v.	furnish（动词）	furnish regularly
gain	v.	gain（动词）	gain regularly
gather	v.	gather（动词）	gather regularly
gaze	v.	gaze（动词）	gaze regularly
generate	v.	generate（动词）	generate regularly
get	v.	get（动词）	get regularly
give	v.	give（动词）	give regularly
glance	v.	glance（动词）	glance regularly
go	v.	go（动词）	go regularly
govern	v.	govern（动词）	govern regularly
grab	v.	grab（动词）	grab regularly
grade	v.	grade（动词）	grade regularly
graduate	v.	graduate（动词）	graduate regularly
grant	v.	grant（动词）	grant regularly
grasp	v.	grasp（动词）	grasp regularly
greet	v.	greet（动词）	greet regularly
grind	v.	grind（动词）	grind regularly
grow	v.	grow（动词）	grow regularly
guarantee	v.	guarantee（动词）	guarantee regularly
guard	v.	guard（动词）	guard regularly
guess	v.	guess（动词）	guess regularly
guide	v.	guide（动词）	guide regularly
handle	v.	handle（动词）	handle regularly
hang	v.	hang（动词）	hang regularly
happen	v.	happen（动词）	happen regularly
harm	v.	harm（动词）	harm regularly
harvest	v.	harvest（动词）	harvest regularly
hate	v.	hate（动词）	hate regularly
have	v.	have（动词）	have regularly
head	v.	head（动词）	head regularly
heal	v.	heal（动词）	heal regularly
hear	v.	hear（动词）	hear regularly
heat	v.	heat（动词）	heat regularly
help	v.	help（动词）	help regularly
hesitate	v.	hesitate（动词）	hesitate regularly
hide	v.	hide（动词）	hide regularly
highlight	v.	highlight（动词）	highlight regularly
hire	v.	hire（动词）	hire regularly
hit	v.	hit（动词）	hit regularly
hold	v.	hold（动词）	hold regularly
honor	v.	honor（动词）	honor regularly
hook	v.	hook（动词）	hook regularly
hope	v.	hope（动词）	hope regularly
host	v.	host（动词）	host regularly
house	v.	house（动词）	house regularly
hug	v.	hug（动词）	hug regularly
hunt	v.	hunt（动词）	hunt regularly
hurry	v.	hurry（动词）	hurry regularly
hurt	v.	hurt（动词）	hurt regularly
identify	v.	identify（动词）	identify regularly
ignore	v.	ignore（动词）	ignore regularly
illustrate	v.	illustrate（动词）	illustrate regularly
imagine	v.	imagine（动词）	imagine regularly
implement	v.	implement（动词）	implement regularly
imply	v.	imply（动词）	imply regularly
import	v.	import（动词）	import regularly
impose	v.	impose（动词）	impose regularly
impress	v.	impress（动词）	impress regularly
improve	v.	improve（动词）	improve regularly
include	v.	include（动词）	include regularly
incorporate	v.	incorporate（动词）	incorporate regularly
increase	v.	increase（动词）	increase regularly
indicate	v.	indicate（动词）	indicate regularly
induce	v.	induce（动词）	induce regularly
indulge	v.	indulge（动词）	indulge regularly
infer	v.	infer（动词）	infer regularly
influence	v.	influence（动词）	influence regularly
inform	v.	inform（动词）	inform regularly
inherit	v.	inherit（动词）	inherit regularly
initiate	v.	initiate（动词）	initiate regularly
inject	v.	inject（动词）	inject regularly
injure	v.	injure（动词）	injure regularly
innovate	v.	innovate（动词）	innovate regularly
input	v.	input（动词）	input regularly
insert	v.	insert（动词）	insert regularly
insist	v.	insist（动词）	insist regularly
inspect	v.	inspect（动词）	inspect regularly
inspire	v.	inspire（动词）	inspire regularly
install	v.	install（动词）	install regularly
instance	v.	instance（动词）	instance regularly
instruct	v.	instruct（动词）	instruct regularly
insult	v.	insult（动词）	insult regularly
integrate	v.	integrate（动词）	integrate regularly
intend	v.	intend（动词）	intend regularly
interact	v.	interact（动词）	interact regularly
interest	v.	interest（动词）	interest regularly
interfere	v.	interfere（动词）	interfere regularly
interpret	v.	interpret（动词）	interpret regularly
interrupt	v.	interrupt（动词）	interrupt regularly
intervene	v.	intervene（动词）	intervene regularly
interview	v.	interview（动词）	interview regularly
introduce	v.	introduce（动词）	introduce regularly
invade	v.	invade（动词）	invade regularly
invent	v.	invent（动词）	invent regularly
invest	v.	invest（动词）	invest regularly
investigate	v.	investigate（动词）	investigate regularly
invite	v.	invite（动词）	invite regularly
involve	v.	involve（动词）	involve regularly
isolate	v.	isolate（动词）	isolate regularly
issue	v.	issue（动词）	issue regularly
join	v.	join（动词）	join regularly
joke	v.	joke（动词）	joke regularly
judge	v.	judge（动词）	judge regularly
jump	v.	jump（动词）	jump regularly
justify	v.	justify（动词）	justify regularly
keep	v.	keep（动词）	keep regularly
kick	v.	kick（动词）	kick regularly
kill	v.	kill（动词）	kill regularly
kiss	v.	kiss（动词）	kiss regularly
knock	v.	knock（动词）	knock regularly
know	v.	know（动词）	know regularly
label	v.	label（动词）	label regularly
lack	v.	lack（动词）	lack regularly
land	v.	land（动词）	land regularly
last	v.	last（动词）	last regularly
laugh	v.	laugh（动词）	laugh regularly
launch	v.	launch（动词）	launch regularly
lay	v.	lay（动词）	lay regularly
lead	v.	lead（动词）	lead regularly
lean	v.	lean（动词）	lean regularly
learn	v.	learn（动词）	learn regularly
leave	v.	leave（动词）	leave regularly
lend	v.	lend（动词）	lend regularly
let	v.	let（动词）	let regularly
level	v.	level（动词）	level regularly
liberate	v.	liberate（动词）	liberate regularly
lie	v.	lie（动词）	lie regularly
lift	v.	lift（动词）	lift regularly
light	v.	light（动词）	light regularly
like	v.	like（动词）	like regularly
limit	v.	limit（动词）	limit regularly
link	v.	link（动词）	link regularly
list	v.	list（动词）	list regularly
listen	v.	listen（动词）	listen regularly
live	v.	live（动词）	live regularly
load	v.	load（动词）	load regularly
loan	v.	loan（动词）	loan regularly
locate	v.	locate（动词）	locate regularly
lock	v.	lock（动词）	lock regularly
log	v.	log（动词）	log regularly
look	v.	look（动词）	look regularly
lose	v.	lose（动词）	lose regularly
love	v.	love（动词）	love regularly
lower	v.	lower（动词）	lower regularly
maintain	v.	maintain（动词）	maintain regularly
make	v.	make（动词）	make regularly
manage	v.	manage（动词）	manage regularly
manifest	v.	manifest（动词）	manifest regularly
manufacture	v.	manufacture（动词）	manufacture regularly
map	v.	map（动词）	map regularly
march	v.	march（动词）	march regularly
mark	v.	mark（动词）	mark regularly
market	v.	market（动词）	market regularly
marry	v.	marry（动词）	marry regularly
match	v.	match（动词）	match regularly
matter	v.	matter（动词）	matter regularly
mean	v.	mean（动词）	mean regularly
measure	v.	measure（动词）	measure regularly
meet	v.	meet（动词）	meet regularly
melt	v.	melt（动词）	melt regularly
mention	v.	mention（动词）	mention regularly
merge	v.	merge（动词）	merge regularly
merit	v.	merit（动词）	merit regularly
mind	v.	mind（动词）	mind regularly
mine	v.	mine（动词）	mine regularly
mingle	v.	mingle（动词）	mingle regularly
miss	v.	miss（动词）	miss regularly
mix	v.	mix（动词）	mix regularly
mobilize	v.	mobilize（动词）	mobilize regularly
model	v.	model（动词）	model regularly
modify	v.	modify（动词）	modify regularly
monitor	v.	monitor（动词）	monitor regularly
motivate	v.	motivate（动词）	motivate regularly
mount	v.	mount（动词）	mount regularly
move	v.	move（动词）	move regularly
multiply	v.	multiply（动词）	multiply regularly
murder	v.	murder（动词）	murder regularly
name	v.	name（动词）	name regularly
narrow	v.	narrow（动词）	narrow regularly
need	v.	need（动词）	need regularly
neglect	v.	neglect（动词）	neglect regularly
negotiate	v.	negotiate（动词）	negotiate regularly
nest	v.	nest（动词）	nest regularly
net	v.	net（动词）	net regularly
nod	v.	nod（动词）	nod regularly
nominate	v.	nominate（动词）	nominate regularly
note	v.	note（动词）	note regularly
notice	v.	notice（动词）	notice regularly
notify	v.	notify（动词）	notify regularly
obey	v.	obey（动词）	obey regularly
object	v.	object（动词）	object regularly
observe	v.	observe（动词）	observe regularly
obtain	v.	obtain（动词）	obtain regularly
occupy	v.	occupy（动词）	occupy regularly
occur	v.	occur（动词）	occur regularly
offer	v.	offer（动词）	offer regularly
offset	v.	offset（动词）	offset regularly
omit	v.	omit（动词）	omit regularly
open	v.	open（动词）	open regularly
operate	v.	operate（动词）	operate regularly
oppose	v.	oppose（动词）	oppose regularly
opt	v.	opt（动词）	opt regularly
optimize	v.	optimize（动词）	optimize regularly
order	v.	order（动词）	order regularly
organize	v.	organize（动词）	organize regularly
orient	v.	orient（动词）	orient regularly
originate	v.	originate（动词）	originate regularly
outline	v.	outline（动词）	outline regularly
overcome	v.	overcome（动词）	overcome regularly
overlook	v.	overlook（动词）	overlook regularly
owe	v.	owe（动词）	owe regularly
own	v.	own（动词）	own regularly
pack	v.	pack（动词）	pack regularly
paint	v.	paint（动词）	paint regularly
pair	v.	pair（动词）	pair regularly
panic	v.	panic（动词）	panic regularly
parade	v.	parade（动词）	parade regularly
parallel	v.	parallel（动词）	parallel regularly
pardon	v.	pardon（动词）	pardon regularly
park	v.	park（动词）	park regularly
part	v.	part（动词）	part regularly
participate	v.	participate（动词）	participate regularly
pass	v.	pass（动词）	pass regularly
paste	v.	paste（动词）	paste regularly
pat	v.	pat（动词）	pat regularly
pause	v.	pause（动词）	pause regularly
pay	v.	pay（动词）	pay regularly
perform	v.	perform（动词）	perform regularly
permit	v.	permit（动词）	permit regularly
persist	v.	persist（动词）	persist regularly
persuade	v.	persuade（动词）	persuade regularly
pick	v.	pick（动词）	pick regularly
picture	v.	picture（动词）	picture regularly
place	v.	place（动词）	place regularly
plan	v.	plan（动词）	plan regularly
plant	v.	plant（动词）	plant regularly
play	v.	play（动词）	play regularly
please	v.	please（动词）	please regularly
plot	v.	plot（动词）	plot regularly
plug	v.	plug（动词）	plug regularly
point	v.	point（动词）	point regularly
polish	v.	polish（动词）	polish regularly
pollute	v.	pollute（动词）	pollute regularly
pool	v.	pool（动词）	pool regularly
pop	v.	pop（动词）	pop regularly
pose	v.	pose（动词）	pose regularly
possess	v.	possess（动词）	possess regularly
post	v.	post（动词）	post regularly
pour	v.	pour（动词）	pour regularly
practise	v.	practise（动词）	practise regularly
praise	v.	praise（动词）	praise regularly
pray	v.	pray（动词）	pray regularly
preach	v.	preach（动词）	preach regularly
precede	v.	precede（动词）	precede regularly
predict	v.	predict（动词）	predict regularly
prefer	v.	prefer（动词）	prefer regularly
prepare	v.	prepare（动词）	prepare regularly
present	v.	present（动词）	present regularly
preserve	v.	preserve（动词）	preserve regularly
preside	v.	preside（动词）	preside regularly
press	v.	press（动词）	press regularly
pretend	v.	pretend（动词）	pretend regularly
prevent	v.	prevent（动词）	prevent regularly
print	v.	print（动词）	print regularly
proceed	v.	proceed（动词）	proceed regularly
process	v.	process（动词）	process regularly
produce	v.	produce（动词）	produce regularly
program	v.	program（动词）	program regularly
progress	v.	progress（动词）	progress regularly
prohibit	v.	prohibit（动词）	prohibit regularly
project	v.	project（动词）	project regularly
promise	v.	promise（动词）	promise regularly
promote	v.	promote（动词）	promote regularly
prompt	v.	prompt（动词）	prompt regularly
propose	v.	propose（动词）	propose regularly
protect	v.	protect（动词）	protect regularly
protest	v.	protest（动词）	protest regularly
prove	v.	prove（动词）	prove regularly
provide	v.	provide（动词）	provide regularly
provoke	v.	provoke（动词）	provoke regularly
publish	v.	publish（动词）	publish regularly
pull	v.	pull（动词）	pull regularly
pump	v.	pump（动词）	pump regularly
punish	v.	punish（动词）	punish regularly
purchase	v.	purchase（动词）	purchase regularly
pursue	v.	pursue（动词）	pursue regularly
push	v.	push（动词）	push regularly
put	v.	put（动词）	put regularly
qualify	v.	qualify（动词）	qualify regularly
question	v.	question（动词）	question regularly
quit	v.	quit（动词）	quit regularly
quote	v.	quote（动词）	quote regularly
race	v.	race（动词）	race regularly
raise	v.	raise（动词）	raise regularly
range	v.	range（动词）	range regularly
rank	v.	rank（动词）	rank regularly
rate	v.	rate（动词）	rate regularly
reach	v.	reach（动词）	reach regularly
react	v.	react（动词）	react regularly
read	v.	read（动词）	read regularly
realize	v.	realize（动词）	realize regularly
reason	v.	reason（动词）	reason regularly
receive	v.	receive（动词）	receive regularly
recognize	v.	recognize（动词）	recognize regularly
recommend	v.	recommend（动词）	recommend regularly
record	v.	record（动词）	record regularly
recover	v.	recover（动词）	recover regularly
recruit	v.	recruit（动词）	recruit regularly
reduce	v.	reduce（动词）	reduce regularly
refer	v.	refer（动词）	refer regularly
reflect	v.	reflect（动词）	reflect regularly
refuse	v.	refuse（动词）	refuse regularly
regard	v.	regard（动词）	regard regularly
register	v.	register（动词）	register regularly
regret	v.	regret（动词）	regret regularly
regulate	v.	regulate（动词）	regulate regularly
reject	v.	reject（动词）	reject regularly
relate	v.	relate（动词）	relate regularly
relax	v.	relax（动词）	relax regularly
release	v.	release（动词）	release regularly
rely	v.	rely（动词）	rely regularly
remain	v.	remain（动词）	remain regularly
remark	v.	remark（动词）	remark regularly
remember	v.	remember（动词）	remember regularly
remind	v.	remind（动词）	remind regularly
remove	v.	remove（动词）	remove regularly
render	v.	render（动词）	render regularly
renew	v.	renew（动词）	renew regularly
rent	v.	rent（动词）	rent regularly
repair	v.	repair（动词）	repair regularly
repeat	v.	repeat（动词）	repeat regularly
replace	v.	replace（动词）	replace regularly
reply	v.	reply（动词）	reply regularly
report	v.	report（动词）	report regularly
represent	v.	represent（动词）	represent regularly
request	v.	request（动词）	request regularly
require	v.	require（动词）	require regularly
rescue	v.	rescue（动词）	rescue regularly
research	v.	research（动词）	research regularly
reserve	v.	reserve（动词）	reserve regularly
resign	v.	resign（动词）	resign regularly
resist	v.	resist（动词）	resist regularly
resolve	v.	resolve（动词）	resolve regularly
respond	v.	respond（动词）	respond regularly
rest	v.	rest（动词）	rest regularly
restore	v.	restore（动词）	restore regularly
restrict	v.	restrict（动词）	restrict regularly
result	v.	result（动词）	result regularly
resume	v.	resume（动词）	resume regularly
retain	v.	retain（动词）	retain regularly
retire	v.	retire（动词）	retire regularly
retreat	v.	retreat（动词）	retreat regularly
return	v.	return（动词）	return regularly
reveal	v.	reveal（动词）	reveal regularly
review	v.	review（动词）	review regularly
revise	v.	revise（动词）	revise regularly
reward	v.	reward（动词）	reward regularly
rid	v.	rid（动词）	rid regularly
ride	v.	ride（动词）	ride regularly
ring	v.	ring（动词）	ring regularly
rise	v.	rise（动词）	rise regularly
risk	v.	risk（动词）	risk regularly
rob	v.	rob（动词）	rob regularly
roll	v.	roll（动词）	roll regularly
root	v.	root（动词）	root regularly
rotate	v.	rotate（动词）	rotate regularly
round	v.	round（动词）	round regularly
rub	v.	rub（动词）	rub regularly
ruin	v.	ruin（动词）	ruin regularly
rule	v.	rule（动词）	rule regularly
run	v.	run（动词）	run regularly
rush	v.	rush（动词）	rush regularly
sail	v.	sail（动词）	sail regularly
satisfy	v.	satisfy（动词）	satisfy regularly
save	v.	save（动词）	save regularly
say	v.	say（动词）	say regularly
scan	v.	scan（动词）	scan regularly
scare	v.	scare（动词）	scare regularly
scatter	v.	scatter（动词）	scatter regularly
schedule	v.	schedule（动词）	schedule regularly
score	v.	score（动词）	score regularly
scream	v.	scream（动词）	scream regularly
seal	v.	seal（动词）	seal regularly
search	v.	search（动词）	search regularly
seat	v.	seat（动词）	seat regularly
see	v.	see（动词）	see regularly
seek	v.	seek（动词）	seek regularly
seem	v.	seem（动词）	seem regularly
select	v.	select（动词）	select regularly
sell	v.	sell（动词）	sell regularly
send	v.	send（动词）	send regularly
sense	v.	sense（动词）	sense regularly
separate	v.	separate（动词）	separate regularly
serve	v.	serve（动词）	serve regularly
set	v.	set（动词）	set regularly
settle	v.	settle（动词）	settle regularly
shake	v.	shake（动词）	shake regularly
shape	v.	shape（动词）	shape regularly
share	v.	share（动词）	share regularly
shift	v.	shift（动词）	shift regularly
shine	v.	shine（动词）	shine regularly
ship	v.	ship（动词）	ship regularly
shock	v.	shock（动词）	shock regularly
shoot	v.	shoot（动词）	shoot regularly
shop	v.	shop（动词）	shop regularly
show	v.	show（动词）	show regularly
shrink	v.	shrink（动词）	shrink regularly
shut	v.	shut（动词）	shut regularly
sigh	v.	sigh（动词）	sigh regularly
sign	v.	sign（动词）	sign regularly
signal	v.	signal（动词）	signal regularly
simplify	v.	simplify（动词）	simplify regularly
sing	v.	sing（动词）	sing regularly
sink	v.	sink（动词）	sink regularly
sit	v.	sit（动词）	sit regularly
sketch	v.	sketch（动词）	sketch regularly
ski	v.	ski（动词）	ski regularly
skip	v.	skip（动词）	skip regularly
sleep	v.	sleep（动词）	sleep regularly
slide	v.	slide（动词）	slide regularly
slip	v.	slip（动词）	slip regularly
slow	v.	slow（动词）	slow regularly
smell	v.	smell（动词）	smell regularly
smile	v.	smile（动词）	smile regularly
smoke	v.	smoke（动词）	smoke regularly
snap	v.	snap（动词）	snap regularly
snow	v.	snow（动词）	snow regularly
solve	v.	solve（动词）	solve regularly
sort	v.	sort（动词）	sort regularly
sound	v.	sound（动词）	sound regularly
spare	v.	spare（动词）	spare regularly
speak	v.	speak（动词）	speak regularly
specialize	v.	specialize（动词）	specialize regularly
specify	v.	specify（动词）	specify regularly
speed	v.	speed（动词）	speed regularly
spell	v.	spell（动词）	spell regularly
spend	v.	spend（动词）	spend regularly
spin	v.	spin（动词）	spin regularly
split	v.	split（动词）	split regularly
spoil	v.	spoil（动词）	spoil regularly
spot	v.	spot（动词）	spot regularly
spread	v.	spread（动词）	spread regularly
spring	v.	spring（动词）	spring regularly
squeeze	v.	squeeze（动词）	squeeze regularly
stabilize	v.	stabilize（动词）	stabilize regularly
stack	v.	stack（动词）	stack regularly
staff	v.	staff（动词）	staff regularly
stage	v.	stage（动词）	stage regularly
stand	v.	stand（动词）	stand regularly
star	v.	star（动词）	star regularly
start	v.	start（动词）	start regularly
state	v.	state（动词）	state regularly
stay	v.	stay（动词）	stay regularly
steal	v.	steal（动词）	steal regularly
steam	v.	steam（动词）	steam regularly
step	v.	step（动词）	step regularly
stick	v.	stick（动词）	stick regularly
stimulate	v.	stimulate（动词）	stimulate regularly
stir	v.	stir（动词）	stir regularly
stop	v.	stop（动词）	stop regularly
store	v.	store（动词）	store regularly
strain	v.	strain（动词）	strain regularly
stress	v.	stress（动词）	stress regularly
stretch	v.	stretch（动词）	stretch regularly
strike	v.	strike（动词）	strike regularly
strip	v.	strip（动词）	strip regularly
strive	v.	strive（动词）	strive regularly
structure	v.	structure（动词）	structure regularly
struggle	v.	struggle（动词）	struggle regularly
study	v.	study（动词）	study regularly
submit	v.	submit（动词）	submit regularly
substitute	v.	substitute（动词）	substitute regularly
succeed	v.	succeed（动词）	succeed regularly
suffer	v.	suffer（动词）	suffer regularly
suggest	v.	suggest（动词）	suggest regularly
suit	v.	suit（动词）	suit regularly
sum	v.	sum（动词）	sum regularly
summarize	v.	summarize（动词）	summarize regularly
supply	v.	supply（动词）	supply regularly
support	v.	support（动词）	support regularly
suppose	v.	suppose（动词）	suppose regularly
suppress	v.	suppress（动词）	suppress regularly
surprise	v.	surprise（动词）	surprise regularly
surround	v.	surround（动词）	surround regularly
survive	v.	survive（动词）	survive regularly
suspect	v.	suspect（动词）	suspect regularly
suspend	v.	suspend（动词）	suspend regularly
sustain	v.	sustain（动词）	sustain regularly
swallow	v.	swallow（动词）	swallow regularly
swap	v.	swap（动词）	swap regularly
swear	v.	swear（动词）	swear regularly
sweep	v.	sweep（动词）	sweep regularly
swim	v.	swim（动词）	swim regularly
swing	v.	swing（动词）	swing regularly
switch	v.	switch（动词）	switch regularly
symbolize	v.	symbolize（动词）	symbolize regularly
take	v.	take（动词）	take regularly
talk	v.	talk（动词）	talk regularly
tap	v.	tap（动词）	tap regularly
target	v.	target（动词）	target regularly
taste	v.	taste（动词）	taste regularly
tax	v.	tax（动词）	tax regularly
teach	v.	teach（动词）	teach regularly
tear	v.	tear（动词）	tear regularly
tell	v.	tell（动词）	tell regularly
tend	v.	tend（动词）	tend regularly
term	v.	term（动词）	term regularly
test	v.	test（动词）	test regularly
thank	v.	thank（动词）	thank regularly
think	v.	think（动词）	think regularly
threaten	v.	threaten（动词）	threaten regularly
throw	v.	throw（动词）	throw regularly
tie	v.	tie（动词）	tie regularly
tighten	v.	tighten（动词）	tighten regularly
tip	v.	tip（动词）	tip regularly
tire	v.	tire（动词）	tire regularly
touch	v.	touch（动词）	touch regularly
tour	v.	tour（动词）	tour regularly
trace	v.	trace（动词）	trace regularly
track	v.	track（动词）	track regularly
trade	v.	trade（动词）	trade regularly
train	v.	train（动词）	train regularly
transfer	v.	transfer（动词）	transfer regularly
transform	v.	transform（动词）	transform regularly
translate	v.	translate（动词）	translate regularly
transmit	v.	transmit（动词）	transmit regularly
transport	v.	transport（动词）	transport regularly
trap	v.	trap（动词）	trap regularly
travel	v.	travel（动词）	travel regularly
treat	v.	treat（动词）	treat regularly
tremble	v.	tremble（动词）	tremble regularly
trend	v.	trend（动词）	trend regularly
trial	v.	trial（动词）	trial regularly
trick	v.	trick（动词）	trick regularly
trigger	v.	trigger（动词）	trigger regularly
trim	v.	trim（动词）	trim regularly
trip	v.	trip（动词）	trip regularly
triumph	v.	triumph（动词）	triumph regularly
trust	v.	trust（动词）	trust regularly
try	v.	try（动词）	try regularly
tune	v.	tune（动词）	tune regularly
turn	v.	turn（动词）	turn regularly
twist	v.	twist（动词）	twist regularly
type	v.	type（动词）	type regularly
undergo	v.	undergo（动词）	undergo regularly
understand	v.	understand（动词）	understand regularly
undertake	v.	undertake（动词）	undertake regularly
undo	v.	undo（动词）	undo regularly
unify	v.	unify（动词）	unify regularly
unite	v.	unite（动词）	unite regularly
unlock	v.	unlock（动词）	unlock regularly
update	v.	update（动词）	update regularly
upgrade	v.	upgrade（动词）	upgrade regularly
upload	v.	upload（动词）	upload regularly
upset	v.	upset（动词）	upset regularly
urge	v.	urge（动词）	urge regularly
use	v.	use（动词）	use regularly
utilize	v.	utilize（动词）	utilize regularly
utter	v.	utter（动词）	utter regularly
vacate	v.	vacate（动词）	vacate regularly
validate	v.	validate（动词）	validate regularly
value	v.	value（动词）	value regularly
vanish	v.	vanish（动词）	vanish regularly
vary	v.	vary（动词）	vary regularly
venture	v.	venture（动词）	venture regularly
verify	v.	verify（动词）	verify regularly
view	v.	view（动词）	view regularly
violate	v.	violate（动词）	violate regularly
visit	v.	visit（动词）	visit regularly
visualize	v.	visualize（动词）	visualize regularly
voice	v.	voice（动词）	voice regularly
volunteer	v.	volunteer（动词）	volunteer regularly
vote	v.	vote（动词）	vote regularly
wage	v.	wage（动词）	wage regularly
wait	v.	wait（动词）	wait regularly
wake	v.	wake（动词）	wake regularly
walk	v.	walk（动词）	walk regularly
wander	v.	wander（动词）	wander regularly
want	v.	want（动词）	want regularly
warn	v.	warn（动词）	warn regularly
wash	v.	wash（动词）	wash regularly
waste	v.	waste（动词）	waste regularly
watch	v.	watch（动词）	watch regularly
wave	v.	wave（动词）	wave regularly
weaken	v.	weaken（动词）	weaken regularly
wear	v.	wear（动词）	wear regularly
weave	v.	weave（动词）	weave regularly
weep	v.	weep（动词）	weep regularly
weigh	v.	weigh（动词）	weigh regularly
welcome	v.	welcome（动词）	welcome regularly
win	v.	win（动词）	win regularly
wind	v.	wind（动词）	wind regularly
wipe	v.	wipe（动词）	wipe regularly
wish	v.	wish（动词）	wish regularly
withdraw	v.	withdraw（动词）	withdraw regularly
witness	v.	witness（动词）	witness regularly
wonder	v.	wonder（动词）	wonder regularly
work	v.	work（动词）	work regularly
worry	v.	worry（动词）	worry regularly
wrap	v.	wrap（动词）	wrap regularly
write	v.	write（动词）	write regularly
yield	v.	yield（动词）	yield regularly
academy	n.	academy（名词）	the academy
accommodation	n.	accommodation（名词）	the accommodation
acid	n.	acid（名词）	the acid
acquaintance	n.	acquaintance（名词）	the acquaintance
acquisition	n.	acquisition（名词）	the acquisition
actor	n.	actor（名词）	the actor
actress	n.	actress（名词）	the actress
admission	n.	admission（名词）	the admission
advertisement	n.	advertisement（名词）	the advertisement
affection	n.	affection（名词）	the affection
algorithm	n.	algorithm（名词）	the algorithm
alliance	n.	alliance（名词）	the alliance
allowance	n.	allowance（名词）	the allowance
altitude	n.	altitude（名词）	the altitude
ambassador	n.	ambassador（名词）	the ambassador
ancestor	n.	ancestor（名词）	the ancestor
anniversary	n.	anniversary（名词）	the anniversary
announcement	n.	announcement（名词）	the announcement
appetite	n.	appetite（名词）	the appetite
apple	n.	apple（名词）	the apple
arch	n.	arch（名词）	the arch
asset	n.	asset（名词）	the asset
attorney	n.	attorney（名词）	the attorney
awareness	n.	awareness（名词）	the awareness
beach	n.	beach（名词）	the beach
beam	n.	beam（名词）	the beam
bean	n.	bean（名词）	the bean
beverage	n.	beverage（名词）	the beverage
bias	n.	bias（名词）	the bias
blanket	n.	blanket（名词）	the blanket
brick	n.	brick（名词）	the brick
buyer	n.	buyer（名词）	the buyer
cabinet	n.	cabinet（名词）	the cabinet
calculation	n.	calculation（名词）	the calculation
calendar	n.	calendar（名词）	the calendar
carbon	n.	carbon（名词）	the carbon
clinic	n.	clinic（名词）	the clinic
combination	n.	combination（名词）	the combination
conviction	n.	conviction（名词）	the conviction
corporation	n.	corporation（名词）	the corporation
correction	n.	correction（名词）	the correction
danger	n.	danger（名词）	the danger
data	n.	data（名词）	the data
database	n.	database（名词）	the database
date	n.	date（名词）	the date
daughter	n.	daughter（名词）	the daughter
day	n.	day（名词）	the day
deadline	n.	deadline（名词）	the deadline
death	n.	death（名词）	the death
debt	n.	debt（名词）	the debt
decade	n.	decade（名词）	the decade
decision	n.	decision（名词）	the decision
decoration	n.	decoration（名词）	the decoration
defence	n.	defence（名词）	the defence
deficit	n.	deficit（名词）	the deficit
definition	n.	definition（名词）	the definition
degree	n.	degree（名词）	the degree
delivery	n.	delivery（名词）	the delivery
democracy	n.	democracy（名词）	the democracy
demonstration	n.	demonstration（名词）	the demonstration
department	n.	department（名词）	the department
departure	n.	departure（名词）	the departure
dependence	n.	dependence（名词）	the dependence
deposit	n.	deposit（名词）	the deposit
depression	n.	depression（名词）	the depression
depth	n.	depth（名词）	the depth
description	n.	description（名词）	the description
desk	n.	desk（名词）	the desk
destination	n.	destination（名词）	the destination
destruction	n.	destruction（名词）	the destruction
determination	n.	determination（名词）	the determination
development	n.	development（名词）	the development
device	n.	device（名词）	the device
devotion	n.	devotion（名词）	the devotion
diagram	n.	diagram（名词）	the diagram
dialect	n.	dialect（名词）	the dialect
dialogue	n.	dialogue（名词）	the dialogue
diamond	n.	diamond（名词）	the diamond
dictionary	n.	dictionary（名词）	the dictionary
difference	n.	difference（名词）	the difference
difficulty	n.	difficulty（名词）	the difficulty
dignity	n.	dignity（名词）	the dignity
dimension	n.	dimension（名词）	the dimension
dinner	n.	dinner（名词）	the dinner
direction	n.	direction（名词）	the direction
director	n.	director（名词）	the director
disability	n.	disability（名词）	the disability
disadvantage	n.	disadvantage（名词）	the disadvantage
disagreement	n.	disagreement（名词）	the disagreement
disaster	n.	disaster（名词）	the disaster
discount	n.	discount（名词）	the discount
discovery	n.	discovery（名词）	the discovery
discussion	n.	discussion（名词）	the discussion
disease	n.	disease（名词）	the disease
disorder	n.	disorder（名词）	the disorder
distance	n.	distance（名词）	the distance
distinction	n.	distinction（名词）	the distinction
distribution	n.	distribution（名词）	the distribution
district	n.	district（名词）	the district
division	n.	division（名词）	the division
doctor	n.	doctor（名词）	the doctor
document	n.	document（名词）	the document
dog	n.	dog（名词）	the dog
dollar	n.	dollar（名词）	the dollar
domain	n.	domain（名词）	the domain
door	n.	door（名词）	the door
dose	n.	dose（名词）	the dose
drama	n.	drama（名词）	the drama
drawback	n.	drawback（名词）	the drawback
drawer	n.	drawer（名词）	the drawer
drawing	n.	drawing（名词）	the drawing
driver	n.	driver（名词）	the driver
drug	n.	drug（名词）	the drug
duty	n.	duty（名词）	the duty
earth	n.	earth（名词）	the earth
earthquake	n.	earthquake（名词）	the earthquake
economy	n.	economy（名词）	the economy
edge	n.	edge（名词）	the edge
edition	n.	edition（名词）	the edition
editor	n.	editor（名词）	the editor
education	n.	education（名词）	the education
effect	n.	effect（名词）	the effect
efficiency	n.	efficiency（名词）	the efficiency
effort	n.	effort（名词）	the effort
egg	n.	egg（名词）	the egg
election	n.	election（名词）	the election
electricity	n.	electricity（名词）	the electricity
element	n.	element（名词）	the element
elephant	n.	elephant（名词）	the elephant
emergency	n.	emergency（名词）	the emergency
emotion	n.	emotion（名词）	the emotion
emphasis	n.	emphasis（名词）	the emphasis
empire	n.	empire（名词）	the empire
employee	n.	employee（名词）	the employee
employer	n.	employer（名词）	the employer
employment	n.	employment（名词）	the employment
enemy	n.	enemy（名词）	the enemy
energy	n.	energy（名词）	the energy
engine	n.	engine（名词）	the engine
engineer	n.	engineer（名词）	the engineer
engineering	n.	engineering（名词）	the engineering
enterprise	n.	enterprise（名词）	the enterprise
entertainment	n.	entertainment（名词）	the entertainment
enthusiasm	n.	enthusiasm（名词）	the enthusiasm
entrance	n.	entrance（名词）	the entrance
entry	n.	entry（名词）	the entry
environment	n.	environment（名词）	the environment
episode	n.	episode（名词）	the episode
equality	n.	equality（名词）	the equality
equipment	n.	equipment（名词）	the equipment
error	n.	error（名词）	the error
essay	n.	essay（名词）	the essay
essence	n.	essence（名词）	the essence
estate	n.	estate（名词）	the estate
evaluation	n.	evaluation（名词）	the evaluation
event	n.	event（名词）	the event
evidence	n.	evidence（名词）	the evidence
evolution	n.	evolution（名词）	the evolution
exam	n.	exam（名词）	the exam
examination	n.	examination（名词）	the examination
example	n.	example（名词）	the example
exception	n.	exception（名词）	the exception
excitement	n.	excitement（名词）	the excitement
exhibition	n.	exhibition（名词）	the exhibition
existence	n.	existence（名词）	the existence
exit	n.	exit（名词）	the exit
expansion	n.	expansion（名词）	the expansion
expectation	n.	expectation（名词）	the expectation
expert	n.	expert（名词）	the expert
explanation	n.	explanation（名词）	the explanation
exploration	n.	exploration（名词）	the exploration
explosion	n.	explosion（名词）	the explosion
exposure	n.	exposure（名词）	the exposure
expression	n.	expression（名词）	the expression
extension	n.	extension（名词）	the extension
extent	n.	extent（名词）	the extent
eye	n.	eye（名词）	the eye
fact	n.	fact（名词）	the fact
factor	n.	factor（名词）	the factor
factory	n.	factory（名词）	the factory
faculty	n.	faculty（名词）	the faculty
failure	n.	failure（名词）	the failure
faith	n.	faith（名词）	the faith
fame	n.	fame（名词）	the fame
family	n.	family（名词）	the family
farmer	n.	farmer（名词）	the farmer
fashion	n.	fashion（名词）	the fashion
fault	n.	fault（名词）	the fault
feature	n.	feature（名词）	the feature
fee	n.	fee（名词）	the fee
feedback	n.	feedback（名词）	the feedback
feeling	n.	feeling（名词）	the feeling
fellow	n.	fellow（名词）	the fellow
field	n.	field（名词）	the field
finding	n.	finding（名词）	the finding
finger	n.	finger（名词）	the finger
firm	n.	firm（名词）	the firm
fish	n.	fish（名词）	the fish
fitness	n.	fitness（名词）	the fitness
flag	n.	flag（名词）	the flag
flame	n.	flame（名词）	the flame
flat	n.	flat（名词）	the flat
flavor	n.	flavor（名词）	the flavor
flight	n.	flight（名词）	the flight
floor	n.	floor（名词）	the floor
flower	n.	flower（名词）	the flower
food	n.	food（名词）	the food
foot	n.	foot（名词）	the foot
football	n.	football（名词）	the football
foreigner	n.	foreigner（名词）	the foreigner
forest	n.	forest（名词）	the forest
formation	n.	formation（名词）	the formation
formula	n.	formula（名词）	the formula
fortune	n.	fortune（名词）	the fortune
foundation	n.	foundation（名词）	the foundation
framework	n.	framework（名词）	the framework
freedom	n.	freedom（名词）	the freedom
friend	n.	friend（名词）	the friend
friendship	n.	friendship（名词）	the friendship
front	n.	front（名词）	the front
fruit	n.	fruit（名词）	the fruit
fuel	n.	fuel（名词）	the fuel
funeral	n.	funeral（名词）	the funeral
furniture	n.	furniture（名词）	the furniture
future	n.	future（名词）	the future
game	n.	game（名词）	the game
gap	n.	gap（名词）	the gap
garage	n.	garage（名词）	the garage
garden	n.	garden（名词）	the garden
gas	n.	gas（名词）	the gas
gate	n.	gate（名词）	the gate
gathering	n.	gathering（名词）	the gathering
gender	n.	gender（名词）	the gender
gene	n.	gene（名词）	the gene
generation	n.	generation（名词）	the generation
genius	n.	genius（名词）	the genius
gentleman	n.	gentleman（名词）	the gentleman
geography	n.	geography（名词）	the geography
gesture	n.	gesture（名词）	the gesture
gift	n.	gift（名词）	the gift
girl	n.	girl（名词）	the girl
glass	n.	glass（名词）	the glass
goal	n.	goal（名词）	the goal
gold	n.	gold（名词）	the gold
golf	n.	golf（名词）	the golf
government	n.	government（名词）	the government
grain	n.	grain（名词）	the grain
grammar	n.	grammar（名词）	the grammar
grandfather	n.	grandfather（名词）	the grandfather
grandmother	n.	grandmother（名词）	the grandmother
graph	n.	graph（名词）	the graph
grass	n.	grass（名词）	the grass
gravity	n.	gravity（名词）	the gravity
green	n.	green（名词）	the green
grocery	n.	grocery（名词）	the grocery
ground	n.	ground（名词）	the ground
group	n.	group（名词）	the group
growth	n.	growth（名词）	the growth
guest	n.	guest（名词）	the guest
guidance	n.	guidance（名词）	the guidance
guilt	n.	guilt（名词）	the guilt
habit	n.	habit（名词）	the habit
hair	n.	hair（名词）	the hair
half	n.	half（名词）	the half
hall	n.	hall（名词）	the hall
hand	n.	hand（名词）	the hand
happiness	n.	happiness（名词）	the happiness
harbor	n.	harbor（名词）	the harbor
hardship	n.	hardship（名词）	the hardship
hat	n.	hat（名词）	the hat
headache	n.	headache（名词）	the headache
health	n.	health（名词）	the health
heart	n.	heart（名词）	the heart
heaven	n.	heaven（名词）	the heaven
height	n.	height（名词）	the height
heritage	n.	heritage（名词）	the heritage
hero	n.	hero（名词）	the hero
highway	n.	highway（名词）	the highway
hill	n.	hill（名词）	the hill
history	n.	history（名词）	the history
hobby	n.	hobby（名词）	the hobby
holiday	n.	holiday（名词）	the holiday
home	n.	home（名词）	the home
homework	n.	homework（名词）	the homework
horizon	n.	horizon（名词）	the horizon
horse	n.	horse（名词）	the horse
hospital	n.	hospital（名词）	the hospital
hotel	n.	hotel（名词）	the hotel
hour	n.	hour（名词）	the hour
household	n.	household（名词）	the household
housing	n.	housing（名词）	the housing
human	n.	human（名词）	the human
humor	n.	humor（名词）	the humor
hunger	n.	hunger（名词）	the hunger
husband	n.	husband（名词）	the husband
ice	n.	ice（名词）	the ice
idea	n.	idea（名词）	the idea
ideal	n.	ideal（名词）	the ideal
identity	n.	identity（名词）	the identity
illness	n.	illness（名词）	the illness
image	n.	image（名词）	the image
imagination	n.	imagination（名词）	the imagination
impact	n.	impact（名词）	the impact
importance	n.	importance（名词）	the importance
impression	n.	impression（名词）	the impression
improvement	n.	improvement（名词）	the improvement
impulse	n.	impulse（名词）	the impulse
incentive	n.	incentive（名词）	the incentive
incident	n.	incident（名词）	the incident
income	n.	income（名词）	the income
index	n.	index（名词）	the index
indication	n.	indication（名词）	the indication
individual	n.	individual（名词）	the individual
industry	n.	industry（名词）	the industry
infant	n.	infant（名词）	the infant
infection	n.	infection（名词）	the infection
inflation	n.	inflation（名词）	the inflation
information	n.	information（名词）	the information
initiative	n.	initiative（名词）	the initiative
injury	n.	injury（名词）	the injury
innovation	n.	innovation（名词）	the innovation
inquiry	n.	inquiry（名词）	the inquiry
insect	n.	insect（名词）	the insect
insight	n.	insight（名词）	the insight
institution	n.	institution（名词）	the institution
instruction	n.	instruction（名词）	the instruction
instrument	n.	instrument（名词）	the instrument
insurance	n.	insurance（名词）	the insurance
integration	n.	integration（名词）	the integration
intelligence	n.	intelligence（名词）	the intelligence
intention	n.	intention（名词）	the intention
interaction	n.	interaction（名词）	the interaction
interface	n.	interface（名词）	the interface
interpretation	n.	interpretation（名词）	the interpretation
interval	n.	interval（名词）	the interval
intervention	n.	intervention（名词）	the intervention
introduction	n.	introduction（名词）	the introduction
invention	n.	invention（名词）	the invention
investigation	n.	investigation（名词）	the investigation
investment	n.	investment（名词）	the investment
invitation	n.	invitation（名词）	the invitation
iron	n.	iron（名词）	the iron
island	n.	island（名词）	the island
item	n.	item（名词）	the item
jacket	n.	jacket（名词）	the jacket
job	n.	job（名词）	the job
joint	n.	joint（名词）	the joint
journal	n.	journal（名词）	the journal
journey	n.	journey（名词）	the journey
joy	n.	joy（名词）	the joy
judgment	n.	judgment（名词）	the judgment
juice	n.	juice（名词）	the juice
jury	n.	jury（名词）	the jury
justice	n.	justice（名词）	the justice
key	n.	key（名词）	the key
kid	n.	kid（名词）	the kid
kind	n.	kind（名词）	the kind
king	n.	king（名词）	the king
kitchen	n.	kitchen（名词）	the kitchen
knee	n.	knee（名词）	the knee
knife	n.	knife（名词）	the knife
knowledge	n.	knowledge（名词）	the knowledge
lab	n.	lab（名词）	the lab
labor	n.	labor（名词）	the labor
lady	n.	lady（名词）	the lady
lake	n.	lake（名词）	the lake
landscape	n.	landscape（名词）	the landscape
language	n.	language（名词）	the language
law	n.	law（名词）	the law
lawyer	n.	lawyer（名词）	the lawyer
layer	n.	layer（名词）	the layer
leader	n.	leader（名词）	the leader
leadership	n.	leadership（名词）	the leadership
leaf	n.	leaf（名词）	the leaf
league	n.	league（名词）	the league
learning	n.	learning（名词）	the learning
lecture	n.	lecture（名词）	the lecture
leg	n.	leg（名词）	the leg
legend	n.	legend（名词）	the legend
legislation	n.	legislation（名词）	the legislation
leisure	n.	leisure（名词）	the leisure
length	n.	length（名词）	the length
lesson	n.	lesson（名词）	the lesson
letter	n.	letter（名词）	the letter
liberty	n.	liberty（名词）	the liberty
library	n.	library（名词）	the library
license	n.	license（名词）	the license
life	n.	life（名词）	the life
lifestyle	n.	lifestyle（名词）	the lifestyle
lifetime	n.	lifetime（名词）	the lifetime
line	n.	line（名词）	the line
lion	n.	lion（名词）	the lion
lip	n.	lip（名词）	the lip
literature	n.	literature（名词）	the literature
living	n.	living（名词）	the living
location	n.	location（名词）	the location
logic	n.	logic（名词）	the logic
loss	n.	loss（名词）	the loss
luck	n.	luck（名词）	the luck
lunch	n.	lunch（名词）	the lunch
machine	n.	machine（名词）	the machine
magazine	n.	magazine（名词）	the magazine
magic	n.	magic（名词）	the magic
mail	n.	mail（名词）	the mail
maintenance	n.	maintenance（名词）	the maintenance
major	n.	major（名词）	the major
majority	n.	majority（名词）	the majority
maker	n.	maker（名词）	the maker
man	n.	man（名词）	the man
management	n.	management（名词）	the management
manager	n.	manager（名词）	the manager
manner	n.	manner（名词）	the manner
manufacturer	n.	manufacturer（名词）	the manufacturer
margin	n.	margin（名词）	the margin
marriage	n.	marriage（名词）	the marriage
mask	n.	mask（名词）	the mask
mass	n.	mass（名词）	the mass
master	n.	master（名词）	the master
material	n.	material（名词）	the material
math	n.	math（名词）	the math
maximum	n.	maximum（名词）	the maximum
meal	n.	meal（名词）	the meal
meaning	n.	meaning（名词）	the meaning
meat	n.	meat（名词）	the meat
mechanism	n.	mechanism（名词）	the mechanism
media	n.	media（名词）	the media
medicine	n.	medicine（名词）	the medicine
meeting	n.	meeting（名词）	the meeting
member	n.	member（名词）	the member
memory	n.	memory（名词）	the memory
menu	n.	menu（名词）	the menu
message	n.	message（名词）	the message
metal	n.	metal（名词）	the metal
method	n.	method（名词）	the method
middle	n.	middle（名词）	the middle
midnight	n.	midnight（名词）	the midnight
mile	n.	mile（名词）	the mile
milk	n.	milk（名词）	the milk
minimum	n.	minimum（名词）	the minimum
minister	n.	minister（名词）	the minister
ministry	n.	ministry（名词）	the ministry
minor	n.	minor（名词）	the minor
minority	n.	minority（名词）	the minority
minute	n.	minute（名词）	the minute
mirror	n.	mirror（名词）	the mirror
mission	n.	mission（名词）	the mission
mistake	n.	mistake（名词）	the mistake
mixture	n.	mixture（名词）	the mixture
mode	n.	mode（名词）	the mode
moderation	n.	moderation（名词）	the moderation
modernization	n.	modernization（名词）	the modernization
moment	n.	moment（名词）	the moment
money	n.	money（名词）	the money
month	n.	month（名词）	the month
mood	n.	mood（名词）	the mood
moon	n.	moon（名词）	the moon
moral	n.	moral（名词）	the moral
morning	n.	morning（名词）	the morning
mortality	n.	mortality（名词）	the mortality
mother	n.	mother（名词）	the mother
motion	n.	motion（名词）	the motion
motivation	n.	motivation（名词）	the motivation
motor	n.	motor（名词）	the motor
mountain	n.	mountain（名词）	the mountain
mouse	n.	mouse（名词）	the mouse
mouth	n.	mouth（名词）	the mouth
movement	n.	movement（名词）	the movement
movie	n.	movie（名词）	the movie
mud	n.	mud（名词）	the mud
muscle	n.	muscle（名词）	the muscle
museum	n.	museum（名词）	the museum
music	n.	music（名词）	the music
mystery	n.	mystery（名词）	the mystery
myth	n.	myth（名词）	the myth
nation	n.	nation（名词）	the nation
native	n.	native（名词）	the native
nature	n.	nature（名词）	the nature
navigation	n.	navigation（名词）	the navigation
negotiation	n.	negotiation（名词）	the negotiation
neighbor	n.	neighbor（名词）	the neighbor
neighborhood	n.	neighborhood（名词）	the neighborhood
nerve	n.	nerve（名词）	the nerve
network	n.	network（名词）	the network
news	n.	news（名词）	the news
newspaper	n.	newspaper（名词）	the newspaper
night	n.	night（名词）	the night
noise	n.	noise（名词）	the noise
nomination	n.	nomination（名词）	the nomination
norm	n.	norm（名词）	the norm
notion	n.	notion（名词）	the notion
novel	n.	novel（名词）	the novel
number	n.	number（名词）	the number
nurse	n.	nurse（名词）	the nurse
nut	n.	nut（名词）	the nut
objective	n.	objective（名词）	the objective
obligation	n.	obligation（名词）	the obligation
observation	n.	observation（名词）	the observation
observer	n.	observer（名词）	the observer
obstacle	n.	obstacle（名词）	the obstacle
occasion	n.	occasion（名词）	the occasion
occupation	n.	occupation（名词）	the occupation
ocean	n.	ocean（名词）	the ocean
office	n.	office（名词）	the office
officer	n.	officer（名词）	the officer
official	n.	official（名词）	the official
oil	n.	oil（名词）	the oil
operation	n.	operation（名词）	the operation
opinion	n.	opinion（名词）	the opinion
opponent	n.	opponent（名词）	the opponent
opportunity	n.	opportunity（名词）	the opportunity
opposition	n.	opposition（名词）	the opposition
option	n.	option（名词）	the option
organization	n.	organization（名词）	the organization
origin	n.	origin（名词）	the origin
outcome	n.	outcome（名词）	the outcome
output	n.	output（名词）	the output
outside	n.	outside（名词）	the outside
owner	n.	owner（名词）	the owner
ownership	n.	ownership（名词）	the ownership
oxygen	n.	oxygen（名词）	the oxygen
pace	n.	pace（名词）	the pace
package	n.	package（名词）	the package
page	n.	page（名词）	the page
pain	n.	pain（名词）	the pain
painting	n.	painting（名词）	the painting
palace	n.	palace（名词）	the palace
paper	n.	paper（名词）	the paper
paragraph	n.	paragraph（名词）	the paragraph
parent	n.	parent（名词）	the parent
parking	n.	parking（名词）	the parking
participant	n.	participant（名词）	the participant
participation	n.	participation（名词）	the participation
partner	n.	partner（名词）	the partner
party	n.	party（名词）	the party
passage	n.	passage（名词）	the passage
passenger	n.	passenger（名词）	the passenger
passion	n.	passion（名词）	the passion
passport	n.	passport（名词）	the passport
past	n.	past（名词）	the past
path	n.	path（名词）	the path
patience	n.	patience（名词）	the patience
patient	n.	patient（名词）	the patient
pattern	n.	pattern（名词）	the pattern
payment	n.	payment（名词）	the payment
peace	n.	peace（名词）	the peace
peak	n.	peak（名词）	the peak
pen	n.	pen（名词）	the pen
penalty	n.	penalty（名词）	the penalty
pension	n.	pension（名词）	the pension
people	n.	people（名词）	the people
percent	n.	percent（名词）	the percent
percentage	n.	percentage（名词）	the percentage
perception	n.	perception（名词）	the perception
performance	n.	performance（名词）	the performance
period	n.	period（名词）	the period
permission	n.	permission（名词）	the permission
person	n.	person（名词）	the person
personality	n.	personality（名词）	the personality
perspective	n.	perspective（名词）	the perspective
phase	n.	phase（名词）	the phase
phenomenon	n.	phenomenon（名词）	the phenomenon
philosophy	n.	philosophy（名词）	the philosophy
phone	n.	phone（名词）	the phone
photo	n.	photo（名词）	the photo
phrase	n.	phrase（名词）	the phrase
physics	n.	physics（名词）	the physics
piano	n.	piano（名词）	the piano
piece	n.	piece（名词）	the piece
pig	n.	pig（名词）	the pig
pile	n.	pile（名词）	the pile
pilot	n.	pilot（名词）	the pilot
pin	n.	pin（名词）	the pin
pipe	n.	pipe（名词）	the pipe
plane	n.	plane（名词）	the plane
planet	n.	planet（名词）	the planet
plastic	n.	plastic（名词）	the plastic
plate	n.	plate（名词）	the plate
platform	n.	platform（名词）	the platform
player	n.	player（名词）	the player
pleasure	n.	pleasure（名词）	the pleasure
plenty	n.	plenty（名词）	the plenty
pocket	n.	pocket（名词）	the pocket
poem	n.	poem（名词）	the poem
poet	n.	poet（名词）	the poet
poetry	n.	poetry（名词）	the poetry
policy	n.	policy（名词）	the policy
politics	n.	politics（名词）	the politics
poll	n.	poll（名词）	the poll
pollution	n.	pollution（名词）	the pollution
population	n.	population（名词）	the population
port	n.	port（名词）	the port
portion	n.	portion（名词）	the portion
position	n.	position（名词）	the position
possession	n.	possession（名词）	the possession
possibility	n.	possibility（名词）	the possibility
pot	n.	pot（名词）	the pot
potato	n.	potato（名词）	the potato
potential	n.	potential（名词）	the potential
pound	n.	pound（名词）	the pound
poverty	n.	poverty（名词）	the poverty
power	n.	power（名词）	the power
practice	n.	practice（名词）	the practice
precedent	n.	precedent（名词）	the precedent
precaution	n.	precaution（名词）	the precaution
precision	n.	precision（名词）	the precision
preference	n.	preference（名词）	the preference
pregnancy	n.	pregnancy（名词）	the pregnancy
preparation	n.	preparation（名词）	the preparation
presence	n.	presence（名词）	the presence
presentation	n.	presentation（名词）	the presentation
preservation	n.	preservation（名词）	the preservation
president	n.	president（名词）	the president
pressure	n.	pressure（名词）	the pressure
price	n.	price（名词）	the price
pride	n.	pride（名词）	the pride
priest	n.	priest（名词）	the priest
primary	n.	primary（名词）	the primary
principle	n.	principle（名词）	the principle
priority	n.	priority（名词）	the priority
prison	n.	prison（名词）	the prison
privacy	n.	privacy（名词）	the privacy
problem	n.	problem（名词）	the problem
procedure	n.	procedure（名词）	the procedure
product	n.	product（名词）	the product
production	n.	production（名词）	the production
profession	n.	profession（名词）	the profession
professor	n.	professor（名词）	the professor
profile	n.	profile（名词）	the profile
profit	n.	profit（名词）	the profit
promotion	n.	promotion（名词）	the promotion
proof	n.	proof（名词）	the proof
property	n.	property（名词）	the property
proportion	n.	proportion（名词）	the proportion
proposal	n.	proposal（名词）	the proposal
prospect	n.	prospect（名词）	the prospect
protection	n.	protection（名词）	the protection
protein	n.	protein（名词）	the protein
protocol	n.	protocol（名词）	the protocol
provider	n.	provider（名词）	the provider
province	n.	province（名词）	the province
provision	n.	provision（名词）	the provision
psychology	n.	psychology（名词）	the psychology
public	n.	public（名词）	the public
publication	n.	publication（名词）	the publication
publisher	n.	publisher（名词）	the publisher
purpose	n.	purpose（名词）	the purpose
pursuit	n.	pursuit（名词）	the pursuit
quality	n.	quality（名词）	the quality
quantity	n.	quantity（名词）	the quantity
quarter	n.	quarter（名词）	the quarter
queen	n.	queen（名词）	the queen
queue	n.	queue（名词）	the queue
radio	n.	radio（名词）	the radio
rail	n.	rail（名词）	the rail
railway	n.	railway（名词）	the railway
rain	n.	rain（名词）	the rain
ratio	n.	ratio（名词）	the ratio
reaction	n.	reaction（名词）	the reaction
reader	n.	reader（名词）	the reader
reading	n.	reading（名词）	the reading
reality	n.	reality（名词）	the reality
receipt	n.	receipt（名词）	the receipt
receiver	n.	receiver（名词）	the receiver
recognition	n.	recognition（名词）	the recognition
recommendation	n.	recommendation（名词）	the recommendation
recovery	n.	recovery（名词）	the recovery
reduction	n.	reduction（名词）	the reduction
reference	n.	reference（名词）	the reference
reflection	n.	reflection（名词）	the reflection
reform	n.	reform（名词）	the reform
refugee	n.	refugee（名词）	the refugee
region	n.	region（名词）	the region
regulation	n.	regulation（名词）	the regulation
relation	n.	relation（名词）	the relation
relationship	n.	relationship（名词）	the relationship
relative	n.	relative（名词）	the relative
relief	n.	relief（名词）	the relief
religion	n.	religion（名词）	the religion
remedy	n.	remedy（名词）	the remedy
reminder	n.	reminder（名词）	the reminder
remote	n.	remote（名词）	the remote
removal	n.	removal（名词）	the removal
replacement	n.	replacement（名词）	the replacement
reporter	n.	reporter（名词）	the reporter
representation	n.	representation（名词）	the representation
reputation	n.	reputation（名词）	the reputation
requirement	n.	requirement（名词）	the requirement
researcher	n.	researcher（名词）	the researcher
reservation	n.	reservation（名词）	the reservation
resident	n.	resident（名词）	the resident
resistance	n.	resistance（名词）	the resistance
resolution	n.	resolution（名词）	the resolution
resource	n.	resource（名词）	the resource
respect	n.	respect（名词）	the respect
response	n.	response（名词）	the response
responsibility	n.	responsibility（名词）	the responsibility
restaurant	n.	restaurant（名词）	the restaurant
retirement	n.	retirement（名词）	the retirement
revolution	n.	revolution（名词）	the revolution
rhythm	n.	rhythm（名词）	the rhythm
rice	n.	rice（名词）	the rice
right	n.	right（名词）	the right
river	n.	river（名词）	the river
road	n.	road（名词）	the road
robot	n.	robot（名词）	the robot
role	n.	role（名词）	the role
room	n.	room（名词）	the room
route	n.	route（名词）	the route
routine	n.	routine（名词）	the routine
row	n.	row（名词）	the row
ruler	n.	ruler（名词）	the ruler
rumor	n.	rumor（名词）	the rumor
safety	n.	safety（名词）	the safety
salary	n.	salary（名词）	the salary
sale	n.	sale（名词）	the sale
salt	n.	salt（名词）	the salt
sample	n.	sample（名词）	the sample
sanction	n.	sanction（名词）	the sanction
satellite	n.	satellite（名词）	the satellite
satisfaction	n.	satisfaction（名词）	the satisfaction
sauce	n.	sauce（名词）	the sauce
saving	n.	saving（名词）	the saving
scale	n.	scale（名词）	the scale
scene	n.	scene（名词）	the scene
scheme	n.	scheme（名词）	the scheme
scholar	n.	scholar（名词）	the scholar
scholarship	n.	scholarship（名词）	the scholarship
school	n.	school（名词）	the school
science	n.	science（名词）	the science
scientist	n.	scientist（名词）	the scientist
scope	n.	scope（名词）	the scope
screen	n.	screen（名词）	the screen
script	n.	script（名词）	the script
sea	n.	sea（名词）	the sea
season	n.	season（名词）	the season
second	n.	second（名词）	the second
secret	n.	secret（名词）	the secret
secretary	n.	secretary（名词）	the secretary
section	n.	section（名词）	the section
sector	n.	sector（名词）	the sector
security	n.	security（名词）	the security
seed	n.	seed（名词）	the seed
selection	n.	selection（名词）	the selection
self	n.	self（名词）	the self
seller	n.	seller（名词）	the seller
sentence	n.	sentence（名词）	the sentence
sequence	n.	sequence（名词）	the sequence
series	n.	series（名词）	the series
servant	n.	servant（名词）	the servant
service	n.	service（名词）	the service
session	n.	session（名词）	the session
setting	n.	setting（名词）	the setting
settlement	n.	settlement（名词）	the settlement
sex	n.	sex（名词）	the sex
shade	n.	shade（名词）	the shade
shadow	n.	shadow（名词）	the shadow
sheep	n.	sheep（名词）	the sheep
sheet	n.	sheet（名词）	the sheet
shelf	n.	shelf（名词）	the shelf
shell	n.	shell（名词）	the shell
shelter	n.	shelter（名词）	the shelter
shirt	n.	shirt（名词）	the shirt
shoe	n.	shoe（名词）	the shoe
shore	n.	shore（名词）	the shore
shoulder	n.	shoulder（名词）	the shoulder
shower	n.	shower（名词）	the shower
side	n.	side（名词）	the side
sight	n.	sight（名词）	the sight
signature	n.	signature（名词）	the signature
significance	n.	significance（名词）	the significance
silence	n.	silence（名词）	the silence
silver	n.	silver（名词）	the silver
similarity	n.	similarity（名词）	the similarity
simple	n.	simple（名词）	the simple
simplicity	n.	simplicity（名词）	the simplicity
sin	n.	sin（名词）	the sin
singer	n.	singer（名词）	the singer
single	n.	single（名词）	the single
site	n.	site（名词）	the site
situation	n.	situation（名词）	the situation
size	n.	size（名词）	the size
skill	n.	skill（名词）	the skill
skin	n.	skin（名词）	the skin
sky	n.	sky（名词）	the sky
slice	n.	slice（名词）	the slice
society	n.	society（名词）	the society
software	n.	software（名词）	the software
soil	n.	soil（名词）	the soil
soldier	n.	soldier（名词）	the soldier
solution	n.	solution（名词）	the solution
son	n.	son（名词）	the son
song	n.	song（名词）	the song
soul	n.	soul（名词）	the soul
source	n.	source（名词）	the source
space	n.	space（名词）	the space
speaker	n.	speaker（名词）	the speaker
specialist	n.	specialist（名词）	the specialist
species	n.	species（名词）	the species
speech	n.	speech（名词）	the speech
spirit	n.	spirit（名词）	the spirit
sport	n.	sport（名词）	the sport
square	n.	square（名词）	the square
stability	n.	stability（名词）	the stability
stair	n.	stair（名词）	the stair
standard	n.	standard（名词）	the standard
statement	n.	statement（名词）	the statement
station	n.	station（名词）	the station
statistics	n.	statistics（名词）	the statistics
status	n.	status（名词）	the status
stock	n.	stock（名词）	the stock
stomach	n.	stomach（名词）	the stomach
stone	n.	stone（名词）	the stone
storage	n.	storage（名词）	the storage
storm	n.	storm（名词）	the storm
story	n.	story（名词）	the story
strategy	n.	strategy（名词）	the strategy
stream	n.	stream（名词）	the stream
street	n.	street（名词）	the street
strength	n.	strength（名词）	the strength
string	n.	string（名词）	the string
student	n.	student（名词）	the student
studio	n.	studio（名词）	the studio
stuff	n.	stuff（名词）	the stuff
style	n.	style（名词）	the style
subject	n.	subject（名词）	the subject
substance	n.	substance（名词）	the substance
success	n.	success（名词）	the success
suggestion	n.	suggestion（名词）	the suggestion
summary	n.	summary（名词）	the summary
summer	n.	summer（名词）	the summer
sun	n.	sun（名词）	the sun
supermarket	n.	supermarket（名词）	the supermarket
surface	n.	surface（名词）	the surface
surgeon	n.	surgeon（名词）	the surgeon
surgery	n.	surgery（名词）	the surgery
survey	n.	survey（名词）	the survey
survival	n.	survival（名词）	the survival
suspicion	n.	suspicion（名词）	the suspicion
sustainability	n.	sustainability（名词）	the sustainability
symbol	n.	symbol（名词）	the symbol
sympathy	n.	sympathy（名词）	the sympathy
symptom	n.	symptom（名词）	the symptom
system	n.	system（名词）	the system
table	n.	table（名词）	the table
tactic	n.	tactic（名词）	the tactic
tail	n.	tail（名词）	the tail
talent	n.	talent（名词）	the talent
tank	n.	tank（名词）	the tank
task	n.	task（名词）	the task
taxi	n.	taxi（名词）	the taxi
tea	n.	tea（名词）	the tea
teacher	n.	teacher（名词）	the teacher
teaching	n.	teaching（名词）	the teaching
team	n.	team（名词）	the team
technology	n.	technology（名词）	the technology
telephone	n.	telephone（名词）	the telephone
television	n.	television（名词）	the television
temperature	n.	temperature（名词）	the temperature
temple	n.	temple（名词）	the temple
tenant	n.	tenant（名词）	the tenant
tendency	n.	tendency（名词）	the tendency
tennis	n.	tennis（名词）	the tennis
tension	n.	tension（名词）	the tension
territory	n.	territory（名词）	the territory
text	n.	text（名词）	the text
theater	n.	theater（名词）	the theater
theme	n.	theme（名词）	the theme
theory	n.	theory（名词）	the theory
therapy	n.	therapy（名词）	the therapy
thing	n.	thing（名词）	the thing
thought	n.	thought（名词）	the thought
thread	n.	thread（名词）	the thread
threat	n.	threat（名词）	the threat
throat	n.	throat（名词）	the throat
ticket	n.	ticket（名词）	the ticket
time	n.	time（名词）	the time
timing	n.	timing（名词）	the timing
title	n.	title（名词）	the title
today	n.	today（名词）	the today
toe	n.	toe（名词）	the toe
token	n.	token（名词）	the token
tone	n.	tone（名词）	the tone
tool	n.	tool（名词）	the tool
tooth	n.	tooth（名词）	the tooth
top	n.	top（名词）	the top
topic	n.	topic（名词）	the topic
total	n.	total（名词）	the total
tourist	n.	tourist（名词）	the tourist
town	n.	town（名词）	the town
tradition	n.	tradition（名词）	the tradition
traffic	n.	traffic（名词）	the traffic
tragedy	n.	tragedy（名词）	the tragedy
training	n.	training（名词）	the training
transformation	n.	transformation（名词）	the transformation
transition	n.	transition（名词）	the transition
translation	n.	translation（名词）	the translation
transportation	n.	transportation（名词）	the transportation
traveler	n.	traveler（名词）	the traveler
treasure	n.	treasure（名词）	the treasure
treatment	n.	treatment（名词）	the treatment
treaty	n.	treaty（名词）	the treaty
tree	n.	tree（名词）	the tree
trouble	n.	trouble（名词）	the trouble
truck	n.	truck（名词）	the truck
truth	n.	truth（名词）	the truth
tube	n.	tube（名词）	the tube
twin	n.	twin（名词）	the twin
uncle	n.	uncle（名词）	the uncle
understanding	n.	understanding（名词）	the understanding
unemployment	n.	unemployment（名词）	the unemployment
union	n.	union（名词）	the union
unit	n.	unit（名词）	the unit
unity	n.	unity（名词）	the unity
university	n.	university（名词）	the university
user	n.	user（名词）	the user
utility	n.	utility（名词）	the utility
vacation	n.	vacation（名词）	the vacation
valley	n.	valley（名词）	the valley
variable	n.	variable（名词）	the variable
variation	n.	variation（名词）	the variation
variety	n.	variety（名词）	the variety
vegetable	n.	vegetable（名词）	the vegetable
vehicle	n.	vehicle（名词）	the vehicle
version	n.	version（名词）	the version
vessel	n.	vessel（名词）	the vessel
victim	n.	victim（名词）	the victim
victory	n.	victory（名词）	the victory
video	n.	video（名词）	the video
village	n.	village（名词）	the village
violence	n.	violence（名词）	the violence
virtue	n.	virtue（名词）	the virtue
virus	n.	virus（名词）	the virus
vision	n.	vision（名词）	the vision
visitor	n.	visitor（名词）	the visitor
volume	n.	volume（名词）	the volume
wall	n.	wall（名词）	the wall
war	n.	war（名词）	the war
warning	n.	warning（名词）	the warning
water	n.	water（名词）	the water
way	n.	way（名词）	the way
weakness	n.	weakness（名词）	the weakness
wealth	n.	wealth（名词）	the wealth
weapon	n.	weapon（名词）	the weapon
weather	n.	weather（名词）	the weather
web	n.	web（名词）	the web
website	n.	website（名词）	the website
wedding	n.	wedding（名词）	the wedding
week	n.	week（名词）	the week
weekend	n.	weekend（名词）	the weekend
weight	n.	weight（名词）	the weight
welfare	n.	welfare（名词）	the welfare
well	n.	well（名词）	the well
west	n.	west（名词）	the west
wheel	n.	wheel（名词）	the wheel
while	n.	while（名词）	the while
whole	n.	whole（名词）	the whole
wife	n.	wife（名词）	the wife
will	n.	will（名词）	the will
window	n.	window（名词）	the window
wine	n.	wine（名词）	the wine
wing	n.	wing（名词）	the wing
winner	n.	winner（名词）	the winner
winter	n.	winter（名词）	the winter
wire	n.	wire（名词）	the wire
wisdom	n.	wisdom（名词）	the wisdom
woman	n.	woman（名词）	the woman
wood	n.	wood（名词）	the wood
word	n.	word（名词）	the word
worker	n.	worker（名词）	the worker
world	n.	world（名词）	the world
worth	n.	worth（名词）	the worth
wound	n.	wound（名词）	the wound
writer	n.	writer（名词）	the writer
writing	n.	writing（名词）	the writing
yard	n.	yard（名词）	the yard
year	n.	year（名词）	the year
youth	n.	youth（名词）	the youth
zone	n.	zone（名词）	the zone
absolutely	adv./adj.	absolutely	absolutely important
actually	adv./adj.	actually	actually important
additionally	adv./adj.	additionally	additionally important
adequately	adv./adj.	adequately	adequately important
apparently	adv./adj.	apparently	apparently important
approximately	adv./adj.	approximately	approximately important
basically	adv./adj.	basically	basically important
briefly	adv./adj.	briefly	briefly important
carefully	adv./adj.	carefully	carefully important
clearly	adv./adj.	clearly	clearly important
closely	adv./adj.	closely	closely important
completely	adv./adj.	completely	completely important
constantly	adv./adj.	constantly	constantly important
currently	adv./adj.	currently	currently important
definitely	adv./adj.	definitely	definitely important
directly	adv./adj.	directly	directly important
easily	adv./adj.	easily	easily important
effectively	adv./adj.	effectively	effectively important
entirely	adv./adj.	entirely	entirely important
especially	adv./adj.	especially	especially important
essentially	adv./adj.	essentially	essentially important
eventually	adv./adj.	eventually	eventually important
exactly	adv./adj.	exactly	exactly important
extremely	adv./adj.	extremely	extremely important
fairly	adv./adj.	fairly	fairly important
finally	adv./adj.	finally	finally important
firmly	adv./adj.	firmly	firmly important
formally	adv./adj.	formally	formally important
formerly	adv./adj.	formerly	formerly important
frequently	adv./adj.	frequently	frequently important
fully	adv./adj.	fully	fully important
generally	adv./adj.	generally	generally important
gently	adv./adj.	gently	gently important
greatly	adv./adj.	greatly	greatly important
hardly	adv./adj.	hardly	hardly important
heavily	adv./adj.	heavily	heavily important
highly	adv./adj.	highly	highly important
honestly	adv./adj.	honestly	honestly important
hopefully	adv./adj.	hopefully	hopefully important
immediately	adv./adj.	immediately	immediately important
increasingly	adv./adj.	increasingly	increasingly important
indeed	adv./adj.	indeed	indeed important
independently	adv./adj.	independently	independently important
initially	adv./adj.	initially	initially important
instantly	adv./adj.	instantly	instantly important
intensely	adv./adj.	intensely	intensely important
largely	adv./adj.	largely	largely important
lately	adv./adj.	lately	lately important
likely	adv./adj.	likely	likely important
literally	adv./adj.	literally	literally important
mainly	adv./adj.	mainly	mainly important
merely	adv./adj.	merely	merely important
mostly	adv./adj.	mostly	mostly important
naturally	adv./adj.	naturally	naturally important
necessarily	adv./adj.	necessarily	necessarily important
normally	adv./adj.	normally	normally important
obviously	adv./adj.	obviously	obviously important
occasionally	adv./adj.	occasionally	occasionally important
officially	adv./adj.	officially	officially important
only	adv./adj.	only	only important
originally	adv./adj.	originally	originally important
particularly	adv./adj.	particularly	particularly important
perfectly	adv./adj.	perfectly	perfectly important
personally	adv./adj.	personally	personally important
physically	adv./adj.	physically	physically important
possibly	adv./adj.	possibly	possibly important
potentially	adv./adj.	potentially	potentially important
practically	adv./adj.	practically	practically important
precisely	adv./adj.	precisely	precisely important
previously	adv./adj.	previously	previously important
primarily	adv./adj.	primarily	primarily important
probably	adv./adj.	probably	probably important
properly	adv./adj.	properly	properly important
purely	adv./adj.	purely	purely important
quickly	adv./adj.	quickly	quickly important
quietly	adv./adj.	quietly	quietly important
rapidly	adv./adj.	rapidly	rapidly important
rarely	adv./adj.	rarely	rarely important
rather	adv./adj.	rather	rather important
readily	adv./adj.	readily	readily important
really	adv./adj.	really	really important
recently	adv./adj.	recently	recently important
regularly	adv./adj.	regularly	regularly important
relatively	adv./adj.	relatively	relatively important
remarkably	adv./adj.	remarkably	remarkably important
roughly	adv./adj.	roughly	roughly important
seriously	adv./adj.	seriously	seriously important
severely	adv./adj.	severely	severely important
sharply	adv./adj.	sharply	sharply important
shortly	adv./adj.	shortly	shortly important
significantly	adv./adj.	significantly	significantly important
simply	adv./adj.	simply	simply important
slightly	adv./adj.	slightly	slightly important
slowly	adv./adj.	slowly	slowly important
softly	adv./adj.	softly	softly important
solely	adv./adj.	solely	solely important
somehow	adv./adj.	somehow	somehow important
somewhat	adv./adj.	somewhat	somewhat important
soon	adv./adj.	soon	soon important
specifically	adv./adj.	specifically	specifically important
steadily	adv./adj.	steadily	steadily important
strictly	adv./adj.	strictly	strictly important
strongly	adv./adj.	strongly	strongly important
substantially	adv./adj.	substantially	substantially important
suddenly	adv./adj.	suddenly	suddenly important
surely	adv./adj.	surely	surely important
thoroughly	adv./adj.	thoroughly	thoroughly important
totally	adv./adj.	totally	totally important
truly	adv./adj.	truly	truly important
typically	adv./adj.	typically	typically important
ultimately	adv./adj.	ultimately	ultimately important
usually	adv./adj.	usually	usually important
utterly	adv./adj.	utterly	utterly important
virtually	adv./adj.	virtually	virtually important
wholly	adv./adj.	wholly	wholly important
widely	adv./adj.	widely	widely important
wildly	adv./adj.	wildly	wildly important
daily	adj.	daily的/地	daily result
dangerous	adj.	dangerous的/地	dangerous result
dark	adj.	dark的/地	dark result
dead	adj.	dead的/地	dead result
dear	adj.	dear的/地	dear result
deep	adj.	deep的/地	deep result
delicate	adj.	delicate的/地	delicate result
delicious	adj.	delicious的/地	delicious result
different	adj.	different的/地	different result
difficult	adj.	difficult的/地	difficult result
digital	adj.	digital的/地	digital result
dirty	adj.	dirty的/地	dirty result
disabled	adj.	disabled的/地	disabled result
disappointed	adj.	disappointed的/地	disappointed result
discounted	adj.	discounted的/地	discounted result
distant	adj.	distant的/地	distant result
diverse	adj.	diverse的/地	diverse result
domestic	adj.	domestic的/地	domestic result
double	adj.	double的/地	double result
doubtful	adj.	doubtful的/地	doubtful result
downtown	adj.	downtown的/地	downtown result
dramatic	adj.	dramatic的/地	dramatic result
due	adj.	due的/地	due result
dull	adj.	dull的/地	dull result
dynamic	adj.	dynamic的/地	dynamic result
eager	adj.	eager的/地	eager result
early	adj.	early的/地	early result
eastern	adj.	eastern的/地	eastern result
easy	adj.	easy的/地	easy result
economic	adj.	economic的/地	economic result
educational	adj.	educational的/地	educational result
effective	adj.	effective的/地	effective result
efficient	adj.	efficient的/地	efficient result
either	adj.	either的/地	either result
elderly	adj.	elderly的/地	elderly result
electric	adj.	electric的/地	electric result
electronic	adj.	electronic的/地	electronic result
elegant	adj.	elegant的/地	elegant result
elementary	adj.	elementary的/地	elementary result
eligible	adj.	eligible的/地	eligible result
embarrassed	adj.	embarrassed的/地	embarrassed result
emotional	adj.	emotional的/地	emotional result
empty	adj.	empty的/地	empty result
enormous	adj.	enormous的/地	enormous result
entire	adj.	entire的/地	entire result
environmental	adj.	environmental的/地	environmental result
equivalent	adj.	equivalent的/地	equivalent result
essential	adj.	essential的/地	essential result
ethnic	adj.	ethnic的/地	ethnic result
even	adj.	even的/地	even result
eventual	adj.	eventual的/地	eventual result
ever	adj.	ever的/地	ever result
every	adj.	every的/地	every result
evident	adj.	evident的/地	evident result
exact	adj.	exact的/地	exact result
excellent	adj.	excellent的/地	excellent result
except	adj.	except的/地	except result
excited	adj.	excited的/地	excited result
exciting	adj.	exciting的/地	exciting result
exclusive	adj.	exclusive的/地	exclusive result
executive	adj.	executive的/地	executive result
existing	adj.	existing的/地	existing result
expensive	adj.	expensive的/地	expensive result
experienced	adj.	experienced的/地	experienced result
experimental	adj.	experimental的/地	experimental result
explicit	adj.	explicit的/地	explicit result
extended	adj.	extended的/地	extended result
extensive	adj.	extensive的/地	extensive result
external	adj.	external的/地	external result
extra	adj.	extra的/地	extra result
extreme	adj.	extreme的/地	extreme result
fabulous	adj.	fabulous的/地	fabulous result
fair	adj.	fair的/地	fair result
false	adj.	false的/地	false result
familiar	adj.	familiar的/地	familiar result
famous	adj.	famous的/地	famous result
far	adj.	far的/地	far result
fashionable	adj.	fashionable的/地	fashionable result
fast	adj.	fast的/地	fast result
fatal	adj.	fatal的/地	fatal result
favorable	adj.	favorable的/地	favorable result
favorite	adj.	favorite的/地	favorite result
federal	adj.	federal的/地	federal result
female	adj.	female的/地	female result
few	adj.	few的/地	few result
fierce	adj.	fierce的/地	fierce result
final	adj.	final的/地	final result
financial	adj.	financial的/地	financial result
first	adj.	first的/地	first result
fiscal	adj.	fiscal的/地	fiscal result
flexible	adj.	flexible的/地	flexible result
foreign	adj.	foreign的/地	foreign result
formal	adj.	formal的/地	formal result
former	adj.	former的/地	former result
forward	adj.	forward的/地	forward result
fragile	adj.	fragile的/地	fragile result
frequent	adj.	frequent的/地	frequent result
fresh	adj.	fresh的/地	fresh result
friendly	adj.	friendly的/地	friendly result
full	adj.	full的/地	full result
fun	adj.	fun的/地	fun result
functional	adj.	functional的/地	functional result
fundamental	adj.	fundamental的/地	fundamental result
funny	adj.	funny的/地	funny result
further	adj.	further的/地	further result
general	adj.	general的/地	general result
generous	adj.	generous的/地	generous result
gentle	adj.	gentle的/地	gentle result
genuine	adj.	genuine的/地	genuine result
giant	adj.	giant的/地	giant result
given	adj.	given的/地	given result
glad	adj.	glad的/地	glad result
global	adj.	global的/地	global result
golden	adj.	golden的/地	golden result
good	adj.	good的/地	good result
gorgeous	adj.	gorgeous的/地	gorgeous result
governmental	adj.	governmental的/地	governmental result
grand	adj.	grand的/地	grand result
great	adj.	great的/地	great result
gross	adj.	gross的/地	gross result
guilty	adj.	guilty的/地	guilty result
handsome	adj.	handsome的/地	handsome result
happy	adj.	happy的/地	happy result
hard	adj.	hard的/地	hard result
harsh	adj.	harsh的/地	harsh result
healthy	adj.	healthy的/地	healthy result
heavy	adj.	heavy的/地	heavy result
helpful	adj.	helpful的/地	helpful result
high	adj.	high的/地	high result
historic	adj.	historic的/地	historic result
honest	adj.	honest的/地	honest result
hopeful	adj.	hopeful的/地	hopeful result
horizontal	adj.	horizontal的/地	horizontal result
hot	adj.	hot的/地	hot result
huge	adj.	huge的/地	huge result
hungry	adj.	hungry的/地	hungry result
identical	adj.	identical的/地	identical result
illegal	adj.	illegal的/地	illegal result
immediate	adj.	immediate的/地	immediate result
immune	adj.	immune的/地	immune result
important	adj.	important的/地	important result
impossible	adj.	impossible的/地	impossible result
impressive	adj.	impressive的/地	impressive result
in	adj.	in的/地	in result
incredible	adj.	incredible的/地	incredible result
independent	adj.	independent的/地	independent result
indirect	adj.	indirect的/地	indirect result
industrial	adj.	industrial的/地	industrial result
inevitable	adj.	inevitable的/地	inevitable result
influential	adj.	influential的/地	influential result
initial	adj.	initial的/地	initial result
inner	adj.	inner的/地	inner result
innocent	adj.	innocent的/地	innocent result
innovative	adj.	innovative的/地	innovative result
inside	adj.	inside的/地	inside result
intelligent	adj.	intelligent的/地	intelligent result
intense	adj.	intense的/地	intense result
interested	adj.	interested的/地	interested result
interesting	adj.	interesting的/地	interesting result
internal	adj.	internal的/地	internal result
international	adj.	international的/地	international result
intimate	adj.	intimate的/地	intimate result
invalid	adj.	invalid的/地	invalid result
invisible	adj.	invisible的/地	invisible result
involved	adj.	involved的/地	involved result
irregular	adj.	irregular的/地	irregular result
isolated	adj.	isolated的/地	isolated result
just	adj.	just的/地	just result
large	adj.	large的/地	large result
late	adj.	late的/地	late result
latter	adj.	latter的/地	latter result
latest	adj.	latest的/地	latest result
lazy	adj.	lazy的/地	lazy result
leading	adj.	leading的/地	leading result
left	adj.	left的/地	left result
legal	adj.	legal的/地	legal result
legitimate	adj.	legitimate的/地	legitimate result
lengthy	adj.	lengthy的/地	lengthy result
less	adj.	less的/地	less result
liable	adj.	liable的/地	liable result
liberal	adj.	liberal的/地	liberal result
limited	adj.	limited的/地	limited result
linear	adj.	linear的/地	linear result
literary	adj.	literary的/地	literary result
little	adj.	little的/地	little result
lively	adj.	lively的/地	lively result
local	adj.	local的/地	local result
logical	adj.	logical的/地	logical result
lone	adj.	lone的/地	lone result
lonely	adj.	lonely的/地	lonely result
long	adj.	long的/地	long result
loud	adj.	loud的/地	loud result
lovely	adj.	lovely的/地	lovely result
low	adj.	low的/地	low result
loyal	adj.	loyal的/地	loyal result
lucky	adj.	lucky的/地	lucky result
magnetic	adj.	magnetic的/地	magnetic result
main	adj.	main的/地	main result
male	adj.	male的/地	male result
manual	adj.	manual的/地	manual result
many	adj.	many的/地	many result
marine	adj.	marine的/地	marine result
marked	adj.	marked的/地	marked result
massive	adj.	massive的/地	massive result
mathematical	adj.	mathematical的/地	mathematical result
mature	adj.	mature的/地	mature result
medical	adj.	medical的/地	medical result
medium	adj.	medium的/地	medium result
melodic	adj.	melodic的/地	melodic result
mental	adj.	mental的/地	mental result
mere	adj.	mere的/地	mere result
mild	adj.	mild的/地	mild result
military	adj.	military的/地	military result
missing	adj.	missing的/地	missing result
mixed	adj.	mixed的/地	mixed result
modern	adj.	modern的/地	modern result
modest	adj.	modest的/地	modest result
molecular	adj.	molecular的/地	molecular result
monthly	adj.	monthly的/地	monthly result
more	adj.	more的/地	more result
mortal	adj.	mortal的/地	mortal result
most	adj.	most的/地	most result
moving	adj.	moving的/地	moving result
much	adj.	much的/地	much result
multiple	adj.	multiple的/地	multiple result
municipal	adj.	municipal的/地	municipal result
musical	adj.	musical的/地	musical result
mysterious	adj.	mysterious的/地	mysterious result
national	adj.	national的/地	national result
natural	adj.	natural的/地	natural result
near	adj.	near的/地	near result
necessary	adj.	necessary的/地	necessary result
negative	adj.	negative的/地	negative result
neither	adj.	neither的/地	neither result
nervous	adj.	nervous的/地	nervous result
neutral	adj.	neutral的/地	neutral result
new	adj.	new的/地	new result
next	adj.	next的/地	next result
nice	adj.	nice的/地	nice result
noble	adj.	noble的/地	noble result
normal	adj.	normal的/地	normal result
northern	adj.	northern的/地	northern result
notable	adj.	notable的/地	notable result
noticeable	adj.	noticeable的/地	noticeable result
notorious	adj.	notorious的/地	notorious result
nuclear	adj.	nuclear的/地	nuclear result
numerous	adj.	numerous的/地	numerous result
obvious	adj.	obvious的/地	obvious result
occasional	adj.	occasional的/地	occasional result
odd	adj.	odd的/地	odd result
old	adj.	old的/地	old result
online	adj.	online的/地	online result
opposite	adj.	opposite的/地	opposite result
optical	adj.	optical的/地	optical result
optimistic	adj.	optimistic的/地	optimistic result
optional	adj.	optional的/地	optional result
oral	adj.	oral的/地	oral result
ordinary	adj.	ordinary的/地	ordinary result
organic	adj.	organic的/地	organic result
original	adj.	original的/地	original result
other	adj.	other的/地	other result
outer	adj.	outer的/地	outer result
outstanding	adj.	outstanding的/地	outstanding result
overall	adj.	overall的/地	overall result
pale	adj.	pale的/地	pale result
parental	adj.	parental的/地	parental result
partial	adj.	partial的/地	partial result
particular	adj.	particular的/地	particular result
passive	adj.	passive的/地	passive result
peaceful	adj.	peaceful的/地	peaceful result
peculiar	adj.	peculiar的/地	peculiar result
perfect	adj.	perfect的/地	perfect result
permanent	adj.	permanent的/地	permanent result
physical	adj.	physical的/地	physical result
pink	adj.	pink的/地	pink result
plain	adj.	plain的/地	plain result
planned	adj.	planned的/地	planned result
pleasant	adj.	pleasant的/地	pleasant result
plus	adj.	plus的/地	plus result
political	adj.	political的/地	political result
poor	adj.	poor的/地	poor result
popular	adj.	popular的/地	popular result
positive	adj.	positive的/地	positive result
possible	adj.	possible的/地	possible result
powerful	adj.	powerful的/地	powerful result
practical	adj.	practical的/地	practical result
precious	adj.	precious的/地	precious result
precise	adj.	precise的/地	precise result
preferred	adj.	preferred的/地	preferred result
pregnant	adj.	pregnant的/地	pregnant result
preliminary	adj.	preliminary的/地	preliminary result
prepared	adj.	prepared的/地	prepared result
pretty	adj.	pretty的/地	pretty result
previous	adj.	previous的/地	previous result
prime	adj.	prime的/地	prime result
principal	adj.	principal的/地	principal result
prior	adj.	prior的/地	prior result
private	adj.	private的/地	private result
probable	adj.	probable的/地	probable result
productive	adj.	productive的/地	productive result
professional	adj.	professional的/地	professional result
profitable	adj.	profitable的/地	profitable result
progressive	adj.	progressive的/地	progressive result
prominent	adj.	prominent的/地	prominent result
proper	adj.	proper的/地	proper result
proposed	adj.	proposed的/地	proposed result
prospective	adj.	prospective的/地	prospective result
protective	adj.	protective的/地	protective result
proud	adj.	proud的/地	proud result
pure	adj.	pure的/地	pure result
qualified	adj.	qualified的/地	qualified result
quarterly	adj.	quarterly的/地	quarterly result
quick	adj.	quick的/地	quick result
quiet	adj.	quiet的/地	quiet result
racial	adj.	racial的/地	racial result
radioactive	adj.	radioactive的/地	radioactive result
random	adj.	random的/地	random result
rapid	adj.	rapid的/地	rapid result
rare	adj.	rare的/地	rare result
raw	adj.	raw的/地	raw result
ready	adj.	ready的/地	ready result
real	adj.	real的/地	real result
realistic	adj.	realistic的/地	realistic result
reasonable	adj.	reasonable的/地	reasonable result
recent	adj.	recent的/地	recent result
regular	adj.	regular的/地	regular result
related	adj.	related的/地	related result
relevant	adj.	relevant的/地	relevant result
reliable	adj.	reliable的/地	reliable result
religious	adj.	religious的/地	religious result
remaining	adj.	remaining的/地	remaining result
remarkable	adj.	remarkable的/地	remarkable result
required	adj.	required的/地	required result
resistant	adj.	resistant的/地	resistant result
respective	adj.	respective的/地	respective result
responsible	adj.	responsible的/地	responsible result
rich	adj.	rich的/地	rich result
rigid	adj.	rigid的/地	rigid result
robust	adj.	robust的/地	robust result
romantic	adj.	romantic的/地	romantic result
rough	adj.	rough的/地	rough result
royal	adj.	royal的/地	royal result
rural	adj.	rural的/地	rural result
sacred	adj.	sacred的/地	sacred result
sad	adj.	sad的/地	sad result
safe	adj.	safe的/地	safe result
same	adj.	same的/地	same result
satisfactory	adj.	satisfactory的/地	satisfactory result
scientific	adj.	scientific的/地	scientific result
secondary	adj.	secondary的/地	secondary result
secure	adj.	secure的/地	secure result
senior	adj.	senior的/地	senior result
sensitive	adj.	sensitive的/地	sensitive result
serious	adj.	serious的/地	serious result
severe	adj.	severe的/地	severe result
sexual	adj.	sexual的/地	sexual result
shallow	adj.	shallow的/地	shallow result
sharp	adj.	sharp的/地	sharp result
short	adj.	short的/地	short result
significant	adj.	significant的/地	significant result
similar	adj.	similar的/地	similar result
skilled	adj.	skilled的/地	skilled result
slight	adj.	slight的/地	slight result
small	adj.	small的/地	small result
smart	adj.	smart的/地	smart result
smooth	adj.	smooth的/地	smooth result
social	adj.	social的/地	social result
soft	adj.	soft的/地	soft result
solar	adj.	solar的/地	solar result
solid	adj.	solid的/地	solid result
some	adj.	some的/地	some result
sophisticated	adj.	sophisticated的/地	sophisticated result
sorry	adj.	sorry的/地	sorry result
sour	adj.	sour的/地	sour result
southern	adj.	southern的/地	southern result
special	adj.	special的/地	special result
specific	adj.	specific的/地	specific result
spectacular	adj.	spectacular的/地	spectacular result
spiritual	adj.	spiritual的/地	spiritual result
splendid	adj.	splendid的/地	splendid result
spoken	adj.	spoken的/地	spoken result
stable	adj.	stable的/地	stable result
statistical	adj.	statistical的/地	statistical result
steady	adj.	steady的/地	steady result
steep	adj.	steep的/地	steep result
sticky	adj.	sticky的/地	sticky result
stiff	adj.	stiff的/地	stiff result
still	adj.	still的/地	still result
straight	adj.	straight的/地	straight result
strange	adj.	strange的/地	strange result
strategic	adj.	strategic的/地	strategic result
strict	adj.	strict的/地	strict result
strong	adj.	strong的/地	strong result
structural	adj.	structural的/地	structural result
stupid	adj.	stupid的/地	stupid result
subjective	adj.	subjective的/地	subjective result
subsequent	adj.	subsequent的/地	subsequent result
substantial	adj.	substantial的/地	substantial result
successful	adj.	successful的/地	successful result
such	adj.	such的/地	such result
sudden	adj.	sudden的/地	sudden result
sufficient	adj.	sufficient的/地	sufficient result
suitable	adj.	suitable的/地	suitable result
super	adj.	super的/地	super result
superior	adj.	superior的/地	superior result
sure	adj.	sure的/地	sure result
surgical	adj.	surgical的/地	surgical result
sweet	adj.	sweet的/地	sweet result
symbolic	adj.	symbolic的/地	symbolic result
sympathetic	adj.	sympathetic的/地	sympathetic result
systematic	adj.	systematic的/地	systematic result
tall	adj.	tall的/地	tall result
technical	adj.	technical的/地	technical result
technological	adj.	technological的/地	technological result
teenage	adj.	teenage的/地	teenage result
temporary	adj.	temporary的/地	temporary result
tender	adj.	tender的/地	tender result
terminal	adj.	terminal的/地	terminal result
terrible	adj.	terrible的/地	terrible result
then	adj.	then的/地	then result
theoretical	adj.	theoretical的/地	theoretical result
thick	adj.	thick的/地	thick result
thin	adj.	thin的/地	thin result
third	adj.	third的/地	third result
thorough	adj.	thorough的/地	thorough result
tight	adj.	tight的/地	tight result
tiny	adj.	tiny的/地	tiny result
tired	adj.	tired的/地	tired result
tough	adj.	tough的/地	tough result
toxic	adj.	toxic的/地	toxic result
traditional	adj.	traditional的/地	traditional result
tragic	adj.	tragic的/地	tragic result
transparent	adj.	transparent的/地	transparent result
tremendous	adj.	tremendous的/地	tremendous result
tropical	adj.	tropical的/地	tropical result
true	adj.	true的/地	true result
typical	adj.	typical的/地	typical result
ugly	adj.	ugly的/地	ugly result
ultimate	adj.	ultimate的/地	ultimate result
unable	adj.	unable的/地	unable result
unaware	adj.	unaware的/地	unaware result
uncertain	adj.	uncertain的/地	uncertain result
uncomfortable	adj.	uncomfortable的/地	uncomfortable result
unconscious	adj.	unconscious的/地	unconscious result
underground	adj.	underground的/地	underground result
understandable	adj.	understandable的/地	understandable result
understood	adj.	understood的/地	understood result
unemployed	adj.	unemployed的/地	unemployed result
unexpected	adj.	unexpected的/地	unexpected result
unfair	adj.	unfair的/地	unfair result
unfortunate	adj.	unfortunate的/地	unfortunate result
unhappy	adj.	unhappy的/地	unhappy result
uniform	adj.	uniform的/地	uniform result
unique	adj.	unique的/地	unique result
united	adj.	united的/地	united result
universal	adj.	universal的/地	universal result
unknown	adj.	unknown的/地	unknown result
unlikely	adj.	unlikely的/地	unlikely result
unnecessary	adj.	unnecessary的/地	unnecessary result
unpleasant	adj.	unpleasant的/地	unpleasant result
unusual	adj.	unusual的/地	unusual result
upper	adj.	upper的/地	upper result
upstairs	adj.	upstairs的/地	upstairs result
urban	adj.	urban的/地	urban result
urgent	adj.	urgent的/地	urgent result
used	adj.	used的/地	used result
useful	adj.	useful的/地	useful result
useless	adj.	useless的/地	useless result
usual	adj.	usual的/地	usual result
valid	adj.	valid的/地	valid result
valuable	adj.	valuable的/地	valuable result
various	adj.	various的/地	various result
vast	adj.	vast的/地	vast result
verbal	adj.	verbal的/地	verbal result
vertical	adj.	vertical的/地	vertical result
very	adj.	very的/地	very result
virtual	adj.	virtual的/地	virtual result
visible	adj.	visible的/地	visible result
visual	adj.	visual的/地	visual result
vital	adj.	vital的/地	vital result
vivid	adj.	vivid的/地	vivid result
vocal	adj.	vocal的/地	vocal result
voluntary	adj.	voluntary的/地	voluntary result
vulnerable	adj.	vulnerable的/地	vulnerable result
warm	adj.	warm的/地	warm result
weak	adj.	weak的/地	weak result
wealthy	adj.	wealthy的/地	wealthy result
weekly	adj.	weekly的/地	weekly result
weird	adj.	weird的/地	weird result
western	adj.	western的/地	western result
wide	adj.	wide的/地	wide result
widespread	adj.	widespread的/地	widespread result
willing	adj.	willing的/地	willing result
wise	adj.	wise的/地	wise result
wonderful	adj.	wonderful的/地	wonderful result
wooden	adj.	wooden的/地	wooden result
working	adj.	working的/地	working result
worldwide	adj.	worldwide的/地	worldwide result
worse	adj.	worse的/地	worse result
worst	adj.	worst的/地	worst result
worthwhile	adj.	worthwhile的/地	worthwhile result
worthy	adj.	worthy的/地	worthy result
wrong	adj.	wrong的/地	wrong result
yellow	adj.	yellow的/地	yellow result
young	adj.	young的/地	young result
youthful	adj.	youthful的/地	youthful result
look forward to	phr.	盼望	look forward to doing
give up	phr.	放弃	give up smoking
take part in	phr.	参加	take part in the game
take care of	phr.	照顾	take care of children
get along with	phr.	与…相处	get along with colleagues
get over	phr.	克服	get over difficulties
put off	phr.	推迟	put off the meeting
put up with	phr.	忍受	put up with noise
run out of	phr.	用完	run out of time
carry out	phr.	执行	carry out the plan
come up with	phr.	想出	come up with an idea
go through	phr.	经历	go through hard times
turn down	phr.	拒绝	turn down the offer
bring up	phr.	抚养/提出	bring up a topic
keep up with	phr.	跟上	keep up with news
look up	phr.	查阅	look up a word
look after	phr.	照顾	look after the baby
look into	phr.	调查	look into the matter
pay attention to	phr.	注意	pay attention to details
make use of	phr.	利用	make use of resources
take advantage of	phr.	利用	take advantage of the chance
catch up with	phr.	赶上	catch up with others
break down	phr.	崩溃/分解	break down in tears
break out	phr.	爆发	war broke out
break up	phr.	分手/解散	break up the meeting
call off	phr.	取消	call off the trip
call on	phr.	拜访/号召	call on students
deal with	phr.	处理	deal with problems
depend on	phr.	依赖	depend on parents
figure out	phr.	弄清楚	figure out the answer
find out	phr.	发现	find out the truth
give in	phr.	屈服	give in to pressure
go ahead	phr.	继续/前进	go ahead with the plan
hold on	phr.	等一下	hold on a minute
keep on	phr.	继续	keep on trying
pick up	phr.	捡起/学会	pick up English
point out	phr.	指出	point out mistakes
set up	phr.	建立	set up a company
show up	phr.	出现	show up on time
take off	phr.	起飞/脱下	the plane took off
take over	phr.	接管	take over the company
turn up	phr.	出现/调高	turn up the volume
work out	phr.	锻炼/解决	work out the problem
be used to	phr.	习惯于	be used to getting up early
used to	phr.	过去常常	used to play football
be fond of	phr.	喜欢	be fond of music
be aware of	phr.	意识到	be aware of danger
be capable of	phr.	能够	be capable of doing
be responsible for	phr.	对…负责	be responsible for safety
be familiar with	phr.	熟悉	be familiar with the rules
be interested in	phr.	对…感兴趣	be interested in art
be good at	phr.	擅长	be good at math
be afraid of	phr.	害怕	be afraid of dogs
be proud of	phr.	为…骄傲	be proud of success
be different from	phr.	与…不同	be different from others
be full of	phr.	充满	be full of energy
be short of	phr.	缺乏	be short of money
make a decision	phr.	做决定	make a quick decision
make progress	phr.	取得进步	make great progress
make sense	phr.	有意义	make sense to me
do harm to	phr.	对…有害	do harm to health
take action	phr.	采取行动	take immediate action
have an effect on	phr.	对…有影响	have an effect on results
have difficulty doing	phr.	做某事有困难	have difficulty understanding
keep in touch with	phr.	保持联系	keep in touch with friends
diploma	n.	文凭	college diploma
undergraduate	n.	本科生	undergraduate student
postgraduate	n.	研究生	postgraduate study
tuition	n.	学费	pay tuition fees
semester	n.	学期	this semester
thesis	n.	论文	write a thesis
dissertation	n.	学位论文	doctoral dissertation
seminar	n.	研讨会	research seminar
qualification	n.	资格	job qualification
proficiency	n.	熟练	language proficiency
vocabulary	n.	词汇	build vocabulary
pronunciation	n.	发音	correct pronunciation
fluency	n.	流利	speak with fluency
tense	n.	时态	present tense
subjunctive	n.	虚拟语气	subjunctive mood
inversion	n.	倒装	partial inversion
ellipsis	n.	省略	use ellipsis
punctuation	n.	标点	correct punctuation
internet	n.	互联网	surf the internet
hardware	n.	硬件	computer hardware
download	v.	下载	download files
email	n./v.	电子邮件	send an email
password	n.	密码	enter password
browser	n.	浏览器	open a browser
artificial	adj.	人工的	artificial intelligence
automation	n.	自动化	factory automation
patent	n.	专利	apply for a patent
laboratory	n.	实验室	research laboratory
hypothesis	n.	假设	test a hypothesis
probability	n.	概率	high probability
equation	n.	方程	solve an equation
microscope	n.	显微镜	under a microscope
telescope	n.	望远镜	powerful telescope
rocket	n.	火箭	launch a rocket
galaxy	n.	星系	distant galaxy
ecology	n.	生态	protect ecology
ecosystem	n.	生态系统	marine ecosystem
contaminate	v.	污染	contaminate water
recycle	v.	回收	recycle waste
renewable	adj.	可再生的	renewable energy
emission	n.	排放	carbon emission
greenhouse	n.	温室	greenhouse effect
sustainable	adj.	可持续的	sustainable development
biodiversity	n.	生物多样性	protect biodiversity
deforestation	n.	滥伐森林	stop deforestation
drought	n.	干旱	severe drought
hurricane	n.	飓风	powerful hurricane
tsunami	n.	海啸	tsunami warning
pandemic	n.	大流行	global pandemic
vaccine	n.	疫苗	COVID vaccine
diagnosis	n.	诊断	early diagnosis
prescription	n.	处方	write a prescription
physician	n.	内科医生	family physician
pharmacy	n.	药房	near the pharmacy
premium	n.	保费	pay premiums
lawsuit	n.	诉讼	file a lawsuit
defendant	n.	被告	the defendant pleaded
plaintiff	n.	原告	the plaintiff claimed
verdict	n.	裁决	guilty verdict
amendment	n.	修正案	constitutional amendment
republic	n.	共和国	democratic republic
parliament	n.	议会	member of parliament
ballot	n.	选票	secret ballot
diplomacy	n.	外交	international diplomacy
embassy	n.	大使馆	visit the embassy
tariff	n.	关税	import tariff
recession	n.	衰退	economic recession
dividend	n.	股息	pay dividends
bankruptcy	n.	破产	declare bankruptcy
merger	n.	合并	company merger
takeover	n.	收购	hostile takeover
entrepreneur	n.	企业家	young entrepreneur
startup	n.	初创公司	tech startup
revenue	n.	收入	annual revenue
surplus	n.	盈余	budget surplus
portfolio	n.	投资组合	investment portfolio
mortgage	n.	抵押贷款	pay the mortgage
dawn	n.	黎明	at dawn
deaf	adj.	聋的	go deaf
dealer	n.	经销商	car dealer
decay	v./n.	腐烂	tooth decay
decent	adj.	体面的	decent job
dedicate	v.	 dedicate	dedicate oneself to
definite	adj.	明确的	definite answer
delegate	n./v.	代表	send a delegate
deliberate	adj./v.	 deliberate	deliberate action
delight	n./v.	 delight	with delight
dense	adj.	密集的	dense population
dental	adj.	牙科的	dental care
depart	v.	 depart	depart from
deputy	n.	副手	deputy manager
descend	v.	 descend	descend the stairs
designer	n.	设计师	fashion designer
desirable	adj.	 desirable	highly desirable
desperate	adj.	 desperate	desperate situation
despite	prep.	 despite	despite difficulties
diameter	n.	 diameter	circle diameter
diary	n.	 diary	keep a diary
dictate	v.	 dictate	dictate terms
digest	v./n.	 digest	digest food
dilemma	n.	 dilemma	face a dilemma
directory	n.	 directory	phone directory
dirt	n.	 dirt	covered in dirt
disagree	v.	 disagree	disagree with
disappoint	v.	 disappoint	disappoint fans
disc	n.	 disc	compact disc
discourage	v.	 discourage	discourage smoking
disguise	v./n.	 disguise	in disguise
disgust	n./v.	 disgust	with disgust
dish	n.	 dish	main dish
disk	n.	 disk	hard disk
disposal	n.	 disposal	waste disposal
distinct	adj.	 distinct	distinct features
distress	n./v.	 distress	in distress
dive	v./n.	 dive	dive into water
diversity	n.	 diversity	cultural diversity
divorce	n./v.	 divorce	get a divorce
dizzy	adj.	 dizzy	feel dizzy
dominant	adj.	 dominant	dominant position
donation	n.	 donation	charitable donation
donkey	n.	 donkey	ride a donkey
dorm	n.	 dorm	college dorm
dot	n.	 dot	polka dot
down	adv./prep.	 down	sit down
downstairs	adv.	 downstairs	go downstairs
dozen	n.	 dozen	a dozen eggs
dragon	n.	 dragon	Chinese dragon
drill	n./v.	 drill	fire drill
drip	v./n.	 drip	drip water
drum	n.	 drum	beat the drum
drunk	adj.	 drunk	get drunk
duck	n.	 duck	roast duck
dumb	adj.	 dumb	dumb question
durable	adj.	 durable	durable goods
duration	n.	 duration	for the duration
during	prep.	 during	during the war
dust	n.	 dust	covered with dust
each	pron./adj.	 each	each other
eagle	n.	 eagle	golden eagle
ear	n.	 ear	ear infection
earnest	adj.	 earnest	earnest effort
east	n./adj.	 east	Middle East
echo	n./v.	 echo	echo sound
economical	adj.	 economical	economical car
economics	n.	 economics	study economics
eight	num.	 eight	eight people
eighteen	num.	 eighteen	eighteen years
eighty	num.	 eighty	eighty percent
elder	adj./n.	 elder	elder brother
electrical	adj.	 electrical	electrical engineer
elevator	n.	 elevator	take the elevator
eleven	num.	 eleven	eleven o'clock
else	adv.	 else	anything else
elsewhere	adv.	 elsewhere	look elsewhere
emperor	n.	 emperor	Roman emperor
emphasize	v.	 emphasize	emphasize importance
ending	n.	 ending	happy ending
enough	adj./adv.	 enough	good enough
enthusiastic	adj.	 enthusiastic	enthusiastic supporter
envelope	n.	 envelope	sealed envelope
era	n.	 era	modern era
establishment	n.	 establishment	business establishment
etc	abbr.	 等等	and etc.
eternal	adj.	 eternal	eternal love
eve	n.	 eve	Christmas eve
evening	n.	 evening	good evening
everybody	pron.	 everybody	everybody knows
everyday	adj.	 everyday	everyday life
everyone	pron.	 everyone	everyone agrees
everything	pron.	 everything	everything is fine
everywhere	adv.	 everywhere	look everywhere
evil	n./adj.	 evil	fight evil
exceptional	adj.	 exceptional	exceptional talent
excess	n./adj.	 excess	in excess of
excessive	adj.	 excessive	excessive spending
exclaim	v.	 exclaim	exclaim in surprise
exclude	v.	 exclude	exclude from
exert	v.	 exert	exert influence
exhaust	v./n.	 exhaust	feel exhausted
exploit	v./n.	 exploit	exploit resources
extraordinary	adj.	 extraordinary	extraordinary achievement
fabric	n.	织物	cotton fabric
facility	n.	设施	sports facility
faint	adj./v.	 faint	faint voice
faithful	adj.	忠诚的	faithful friend
fake	adj./n.	假的/假货	fake product
famine	n.	饥荒	severe famine
fantastic	adj.	极好的	fantastic idea
fantasy	n.	幻想	live in fantasy
fascinate	v.	迷住	fascinate the audience
fat	n./adj.	 fat	too much fat
fate	n.	命运	accept fate
father	n.	父亲	my father
feast	n.	盛宴	wedding feast
feather	n.	羽毛	bird feather
fence	n.	栅栏	wooden fence
fertile	adj.	肥沃的	fertile soil
festival	n.	节日	Spring Festival
fever	n.	发烧	have a fever
fiber	n.	纤维	dietary fiber
fiction	n.	小说	science fiction
fist	n.	拳头	clench fist
fleet	n.	舰队	naval fleet
flesh	n.	 flesh	in the flesh
flock	n./v.	 flock	a flock of birds
flour	n.	 flour	wheat flour
flu	n.	流感	catch the flu
fluent	adj.	 fluent	fluent English
fluid	n./adj.	 fluid	body fluid
fog	n.	 fog	thick fog
folk	n./adj.	 folk	folk music
following	adj./n.	 following	the following day
fond	adj.	 fond	be fond of
fool	n./v.	 fool	make a fool of
foolish	adj.	 foolish	foolish mistake
for	prep.	 for	wait for
forbid	v.	 forbid	forbid smoking
forehead	n.	 forehead	wide forehead
forever	adv.	 forever	love forever
fork	n.	叉子	knife and fork
forth	adv.	 forth	back and forth
fortnight	n.	两星期	a fortnight ago
fortunate	adj.	 fortunate	fortunate enough
fountain	n.	 fountain	drinking fountain
fox	n.	 fox	clever as a fox
freight	n.	 freight	air freight
frequency	n.	 frequency	high frequency
friction	n.	 friction	reduce friction
frog	n.	 frog	green frog
from	prep.	 from	from now on
frontier	n.	 frontier	national frontier
frost	n.	 frost	morning frost
frustrate	v.	 frustrate	feel frustrated
fry	v.	 fry	fry eggs
fur	n.	 fur	animal fur
furthermore	adv.	 furthermore	furthermore, note that
gallery	n.	 gallery	art gallery
gallon	n.	 gallon	gallons of water
gang	n.	 gang	criminal gang
garbage	n.	 garbage	take out garbage
garlic	n.	 garlic	add garlic
gay	adj.	 gay	gay rights
gear	n.	 gear	safety gear
geometry	n.	 geometry	Euclidean geometry
germ	n.	 germ	spread germs
ghost	n.	 ghost	believe in ghosts
globe	n.	 globe	around the globe
glory	n.	 glory	eternal glory
glove	n.	 glove	pair of gloves
glue	n./v.	 glue	stick with glue
goat	n.	 goat	mountain goat
goodbye	n./int.	 goodbye	say goodbye
goods	n.	 goods	consumer goods
goose	n.	 goose	wild goose
governor	n.	 governor	provincial governor
grace	n.	 grace	with grace
gradual	adj.	 gradual	gradual change
grape	n.	 grape	bunch of grapes
grateful	adj.	 grateful	be grateful for
gray	adj./n.	 gray	gray hair
greedy	adj.	 greedy	greedy for power
greeting	n.	 greeting	warm greeting
grey	adj.	 grey	grey sky
grief	n.	 grief	deep grief
grill	n./v.	 grill	outdoor grill
grip	n./v.	 grip	firm grip
grocer	n.	 grocer	local grocer
guitar	n.	 guitar	play guitar
gulf	n.	 gulf	Persian Gulf
gum	n.	 gum	chewing gum
gun	n.	 gun	carry a gun
guy	n.	 guy	nice guy
gym	n.	 gym	go to the gym
habitat	n.	 habitat	natural habitat
halt	v./n.	 halt	come to a halt
ham	n.	 ham	ham sandwich
hammer	n./v.	 hammer	hammer a nail
handful	n.	 handful	a handful of
handwriting	n.	 handwriting	clear handwriting
handy	adj.	 handy	come in handy
harmful	adj.	 harmful	harmful effects
harmony	n.	 harmony	live in harmony
hatch	v.	 hatch	hatch eggs
hawk	n.	 hawk	night hawk
hay	n.	 hay	bales of hay
hazard	n.	 hazard	health hazard
he	pron.	 he	he said
headline	n.	 headline	news headline
headquarters	n.	 headquarters	company headquarters
heap	n.	 heap	a heap of
hedge	n.	树篱	garden hedge
heel	n.	脚后跟	high heel
heir	n.	继承人	legal heir
helicopter	n.	直升机	rescue helicopter
hell	n.	地狱	go to hell
hello	int.	你好	say hello
helmet	n.	头盔	wear a helmet
helpless	adj.	无助的	feel helpless
hen	n.	母鸡	laying hen
hence	adv.	因此	hence the name
her	pron.	她的/她	her book
herd	n.	兽群	a herd of cattle
here	adv.	这里	come here
heroic	adj.	英雄的	heroic act
heroine	n.	女英雄	tragic heroine
hers	pron.	她的	a friend of hers
herself	pron.	她自己	by herself
hillside	n.	山坡	steep hillside
hint	n./v.	 hint	give a hint
hip	n.	臀部	hip joint
his	pron.	他的	his idea
historian	n.	历史学家	famous historian
historical	adj.	历史的	historical data
hole	n.	 hole	black hole
hollow	adj./n.	 hollow	hollow tree
holy	adj.	 holy	holy place
homeland	n.	祖国	return to homeland
honesty	n.	 honesty	academic honesty
honey	n.	 honey	a spoon of honey
horn	n.	 horn	car horn
horrible	adj.	 horrible	horrible accident
horror	n.	 horror	horror movie
hostess	n.	女主人	air hostess
hostile	adj.	 hostile	hostile attitude
housewife	n.	家庭主妇	typical housewife
housework	n.	家务	do housework
how	adv.	 how	how to do
however	adv./conj.	 however	however hard
humanity	n.	人性/人类	crimes against humanity
humble	adj.	 humble	humble background
humid	adj.	 humid	humid climate
humorous	adj.	 humorous	humorous story
hundred	num.	 hundred	a hundred years
hunter	n.	猎人	deer hunter
hut	n.	小屋	wooden hut
hydrogen	n.	氢	hydrogen energy
idiom	n.	习语	English idiom
idle	adj.	 idle	idle time
if	conj.	 if	if possible
ignorance	n.	无知	out of ignorance
ill	adj./adv.	 ill	fall ill
illustration	n.	插图	clear illustration
imaginary	adj.	 imaginary	imaginary friend
imitate	v.	 imitate	imitate others
immigrant	n.	移民	illegal immigrant
implication	n.	含义/影响	policy implication
inch	n.	英寸	every inch
including	prep.	 including	including me
independence	n.	独立	national independence
indifferent	adj.	 indifferent	indifferent attitude
indoor	adj.	 indoor	indoor activity
indoors	adv.	 indoors	stay indoors
infect	v.	 infect	infect others
inferior	adj.	 inferior	inferior quality
infinite	adj.	 infinite	infinite space
infrastructure	n.	基础设施	public infrastructure
ingredient	n.	成分	key ingredient
ink	n.	墨水	in black ink
inn	n.	小旅馆	country inn
inquire	v.	 inquire	inquire about
instant	adj./n.	 instant	instant noodles
instead	adv.	 instead	instead of
instinct	n.	本能	survival instinct
institute	n.	 institute	research institute
integrity	n.	 integrity	personal integrity
intellectual	adj./n.	 intellectual	intellectual property
intensity	n.	 intensity	high intensity
interior	n./adj.	 interior	interior design
into	prep.	 into	go into
invasion	n.	 invasion	military invasion
investor	n.	投资者	private investor
it	pron.	 it	it is true
its	pron.	 its	its name
itself	pron.	 itself	by itself
jail	n./v.	 jail	go to jail
jam	n./v.	 jam	traffic jam
jar	n.	 jar	glass jar
jaw	n.	 jaw	lower jaw
jazz	n.	 jazz	jazz music
jealous	adj.	 jealous	feel jealous
jeans	n.	牛仔裤	wear jeans
jet	n.	 jet	jet plane
jewel	n.	 jewel	precious jewel
journalist	n.	记者	investigative journalist
jungle	n.	 jungle	dense jungle
junior	adj./n.	 junior	junior staff
keen	adj.	 keen	keen interest
kettle	n.	 kettle	electric kettle
keyboard	n.	 keyboard	computer keyboard
kilogram	n.	千克	one kilogram
kilometer	n.	千米	five kilometers
kindergarten	n.	幼儿园	local kindergarten
kingdom	n.	王国	United Kingdom
kite	n.	 kite	fly a kite
knot	n.	结	tie a knot
ladder	n.	梯子	climb the ladder
lamb	n.	 lamb	roast lamb
lamp	n.	 lamp	desk lamp
landlord	n.	房东	contact the landlord
lane	n.	 lane	fast lane
lap	n.	大腿部/一圈	on my lap
laptop	n.	笔记本电脑	use a laptop
laser	n.	激光	laser surgery
laundry	n.	洗衣	do the laundry
lawn	n.	草坪	mow the lawn
leak	v./n.	 leak	water leak
leap	v./n.	 leap	leap forward
least	adj./adv.	 least	at least
leather	n.	 leather	leather jacket
lens	n.	镜头/镜片	camera lens
librarian	n.	图书管理员	ask the librarian
lid	n.	盖子	put the lid on
livelihood	n.	生计	earn a livelihood
lighthouse	n.	灯塔	coastal lighthouse
lightweight	adj.	轻量的	lightweight design
likelihood	n.	可能性	in all likelihood
limestone	n.	石灰石	limestone cave
